Academic_year,Semister_attendence,GPA,Annual_income,Scholarship_rupees 
2018,91,8.2,92253,41369.45
2018,74,7.2,119586,36698.2
2018,72,6.8,58060,44570.34
2018,90,6.2,115405,48127.63
2018,72,5.7,114412,50615.13
2018,69,4.4,82572,45873.55
2018,67,8.4,118880,49248.47
2018,65,4.8,54132,49827.85
2018,91,9.1,82978,37097.21
2018,89,5.9,97324,54381.31
2018,89,7.6,96451,50711.58
2018,73,5.9,113870,45535.23
2018,70,6.8,54989,41572.9
2018,73,6.9,89235,39197.13
2018,90,6.5,58055,53590.26
2018,69,7.2,66319,43867.92
2018,68,5.2,105501,42732.56
2018,82,6.2,50329,44885.59
2018,71,5.7,75914,54438.17
2018,90,7.3,58764,35697.24
2018,65,5.8,115605,50010.11
2018,81,4.8,95813,50437.95
2018,82,9.1,94178,40148.32
2018,71,3.7,114395,52444.57
2018,67,7.6,55548,44321.76
2018,91,5.9,64693,53875.84
2018,83,6.8,97971,39339.19
2018,79,6.9,107650,51573.83
2018,73,6.5,118358,44666.93
2018,83,3.4,106193,36856.26
2018,71,3.5,91274,46496.52
2018,83,5.2,85055,41317.69
2018,67,6.2,111244,53523.9
2018,69,5.7,79521,54824.92
2018,87,4.4,63697,46071.52
2018,89,5.8,46814,35332.48
2018,77,4.8,92505,45031.41
2018,74,9.1,106274,38094.37
2018,72,3.7,51197,45248.46
2018,77,7.6,96421,40350.84
2018,65,5.9,69000,36441.26
2018,82,6.8,108490,39148.09
2018,75,6.9,88973,52546.75
2018,66,6.5,81741,44038.85
2018,80,3.4,90110,53708.45
2018,79,3.5,83175,43043.86
2018,71,5.2,68741,51202.62
2018,84,6.2,112217,40933.69
2018,77,5.7,55483,42679.48
2018,66,4.4,56223,43000.75
2018,72,5.8,68235,48536.22
2018,91,4.8,86934,35081.16
2018,89,9.1,61104,51503.46
2018,93,3.7,73293,37633.02
2018,68,7.6,61834,47986.43
2018,98,5.9,95091,50721.34
2018,68,6.8,82537,49015.06
2018,91,6.9,63270,49215.16
2018,87,6.5,63202,48259.04
2018,79,3.4,57730,52605.9
2018,67,3.5,82110,52260.25
2018,69,5.2,81533,35616.05
2018,88,6.2,91646,51163.04
2018,66,4.4,70154,40708.26
2018,88,5.8,71962,46941.18
2018,91,4.8,83812,37432.36
2018,74,9.1,85824,50414.38
2018,96,3.7,116491,49374.24
2018,86,7.6,54809,44686.46
2018,98,5.9,106083,51264.29
2018,84,6.8,46647,38229.56
2018,81,6.9,89709,53689.06
2018,86,6.5,75005,50582.05
2018,97,3.4,104667,41108.73
2018,89,3.5,116368,52526.66
2018,77,5.2,112695,54976.23
2018,84,6.2,49438,38305.02
2018,88,5.7,102133,39213.37
2018,95,4.4,59865,54299.58
2018,67,5.8,82290,41765.8
2018,86,4.8,66248,38866.93
2018,95,9.1,111376,43272.54
2018,75,3.7,116934,48371.96
2018,97,7.6,95394,47726.46
2018,65,5.9,83164,37630.77
2018,88,6.8,52248,49042.37
2018,71,6.9,96330,45738.9
2018,77,6.5,53356,35021.66
2018,82,3.4,58734,38994.42
2018,65,3.5,51745,54408.52
2018,90,5.2,83047,54934.43
2018,98,6.2,88325,37067.93
2018,86,5.7,74006,45518.33
2018,81,4.4,97321,45209.11
2018,98,5.8,91918,39283.18
2018,97,4.8,67329,52327.16
2018,90,9.1,115766,45642.49
2018,73,3.7,88587,47318.72
2018,89,7.6,62807,50654.51
2018,74,5.9,50006,51576.01
2018,96,6.8,103611,44683.35
2018,87,6.9,93324,40718.61
2018,85,6.5,60249,35568.06
2018,98,3.4,84704,38499.6
2018,80,3.5,82519,40080.1
2018,65,5.2,100379,45506.49
2018,78,6.2,118834,44993.93
2018,85,5.7,116311,44141.82
2018,98,4.4,91440,52344.18
2018,89,5.8,101684,38384.36
2018,74,4.8,63617,45154.76
2018,65,9.1,110349,36478.97
2018,99,3.7,47943,49880.27
2018,90,7.6,71624,50926.36
2018,65,5.9,93058,35367.21
2018,72,6.8,74860,50603.66
2018,95,6.9,94260,47885.75
2018,86,4.4,50609,42529.59
2018,96,5.8,108098,38642.68
2018,93,4.8,112528,36374.27
2018,84,9.1,50959,42115.51
2018,83,3.7,103152,40425.91
2018,65,7.6,104384,45121.92
2018,68,5.9,102020,35157.28
2018,81,6.8,81027,45321.88
2018,93,6.9,106679,52008.16
2018,88,6.5,111245,37420.99
2018,82,3.4,106062,37124.64
2018,94,3.5,87484,46961.38
2018,68,5.2,112529,39176.9
2018,65,6.2,80331,52434.22
2018,91,5.7,76585,45509.79
2018,97,4.4,105392,44153.98
2018,81,5.8,87078,43166.32
2018,85,4.8,66239,43828.93
2018,68,9.1,68834,35648.44
2018,72,3.7,90968,53500.2
2018,91,7.6,96760,47592.84
2018,78,5.9,115655,54187.49
2018,85,6.8,65437,46103.34
2018,86,6.9,98235,52071.7
2018,73,6.5,78690,43962.11
2018,70,3.4,100897,46446.66
2018,88,3.5,74672,50298.29
2018,86,5.2,65192,35508.1
2018,97,6.2,49181,47555.92
2018,88,5.7,73450,43896.55
2018,83,4.4,87680,36089.27
2018,93,5.8,96877,53047.96
2018,72,4.8,100807,53815.21
2018,92,9.1,72836,38143.99
2018,96,3.7,115297,39617.46
2018,65,7.6,61530,35002.22
2018,87,5.9,116688,47493.01
2018,69,6.8,98940,38151.75
2018,90,6.9,108596,36465.32
2018,76,6.5,61896,50769.12
2018,65,3.4,76293,48922.3
2018,95,3.5,85243,49808.5
2018,97,5.2,111432,36299.33
2018,67,6.2,60472,43047.88
2018,69,5.7,109031,47063.48
2018,82,4.4,97204,49597.88
2018,77,5.8,104553,46250.07
2018,69,4.8,101212,52614.11
2018,86,9.1,83452,37372.61
2018,85,3.7,54178,39976.87
2018,80,7.6,49053,42965.12
2018,75,5.9,109979,52152.11
2018,67,6.8,104329,53991.9
2018,98,6.9,87366,38253.41
2018,66,6.5,70668,54051.92
2018,77,3.4,47019,53851.01
2018,95,3.5,65019,38000.14
2018,91,5.2,107501,41627.85
2018,82,6.2,92823,35653.75
2018,90,5.7,119708,38068.63
2018,81,4.4,92912,50792.62
2018,76,5.8,85698,38098.6
2018,99,4.8,72597,44540.86
2018,85,9.1,73690,41800.96
2018,88,3.7,75225,47513.6
2018,96,7.6,92196,35035.32
2018,79,5.9,62312,35706.04
2018,66,6.8,61975,42163.23
2018,76,6.9,86178,53045.33
2018,97,6.5,103976,35172.78
2018,99,3.4,52823,46999.39
2018,79,3.5,53304,37240.06
2018,88,5.2,88107,44772.85
2018,72,6.2,62373,41366.57
2018,95,5.7,70096,40311.23
2018,65,4.4,68688,45806.6
2018,74,5.8,72412,43431.52
2018,79,4.8,97986,47041.1
2018,65,9.1,113974,54370.67
2018,94,3.7,68048,44952.5
2018,91,7.6,63040,51214.32
2018,89,5.9,72161,41530.67
2018,90,6.8,67989,41404.39
2018,78,6.9,98314,37972.13
2018,71,6.5,108027,42880.43
2018,86,3.4,101676,44031.02
2018,77,3.5,80702,47192.4
2018,76,5.2,114310,51629.65
2018,90,6.2,64901,40834.89
2018,90,5.7,90809,47745.45
2018,89,4.4,77933,44414.4
2018,84,5.8,46909,35291.11
2018,87,4.8,114930,53370.24
2018,84,9.1,65811,46087.13
2018,72,3.7,59282,40320.21
2018,93,7.6,51844,50234.95
2018,81,5.9,47963,45921.73
2018,83,6.8,59315,43905.09
2018,90,6.9,72941,50997.76
2018,91,6.5,100800,46166.35
2018,69,3.4,55686,51739.12
2018,71,3.5,107029,36216.4
2018,97,5.2,68969,43632.63
2018,96,6.2,76325,53974.98
2018,93,5.7,89688,52274.22
2018,87,4.4,58690,54982.69
2018,93,5.8,108366,47629.37
2018,65,4.8,117336,54479.86
2018,76,9.1,72492,37624.26
2018,73,3.7,58264,51290.16
2018,99,7.6,57811,53295.76
2018,76,5.9,65206,52229.96
2018,76,6.8,59153,49100.12
2018,77,6.9,111203,46642.44
2018,66,6.5,97868,52852.58
2018,98,3.4,82627,45999.91
2018,68,3.5,72227,37582.78
2018,81,5.2,117655,42800.21
2018,87,6.2,101664,49088.88
2018,94,5.7,50741,44297.85
2018,89,4.4,53250,47053.94
2018,93,5.8,46325,50923.22
2018,90,4.8,69107,48231.23
2018,92,9.1,106436,40862.88
2018,94,3.7,66082,42317.33
2018,88,7.6,66414,35290.26
2018,84,5.9,56011,53304.22
2018,80,6.8,101381,44377.91
2018,73,6.9,118970,38480.72
2018,85,6.5,112163,37264.71
2018,75,3.4,110488,48890.66
2018,89,3.5,74084,54395.88
2018,65,5.2,113372,49717.16
2018,96,6.2,107732,50959.47
2018,92,5.7,101454,41775.83
2018,91,4.4,83321,40593.33
2018,90,5.8,68090,48673.62
2018,78,4.8,105685,41848.35
2018,82,9.1,50569,51995.28
2018,83,3.7,91521,52790.54
2018,89,7.6,111414,39066.56
2018,91,5.9,105727,52538.7
2018,78,6.8,90970,54891.19
2018,68,6.9,64234,48404.35
2018,70,6.5,59092,43613.53
2018,90,3.4,80878,44346.18
2018,69,3.5,58668,35315.89
2018,75,5.2,84897,37519.75
2018,78,6.2,65680,36020.99
2018,92,5.7,113063,42817.43
2018,72,4.4,112148,50954.85
2018,66,5.8,52515,43161.8
2018,76,4.8,113060,50740.03
2018,65,9.1,117554,37655.22
2018,87,3.7,105447,41290.18
2018,71,7.6,67065,44982.94
2018,86,5.9,86476,46982.94
2018,70,6.8,88601,40934.12
2018,68,6.9,80216,36299.4
2018,69,6.5,82348,42807.21
2018,90,3.4,76204,54361.21
2018,87,3.5,106843,41269.9
2018,81,5.2,88799,36822.76
2018,66,6.2,117885,46886.58
2018,82,5.7,89695,36982.41
2018,77,4.4,50292,36887.29
2018,66,5.8,101847,45097.67
2017,90,4.8,66375,45934.02
2017,83,9.1,68002,36806.98
2017,76,3.7,111689,50063.15
2017,80,7.6,97582,54175.32
2017,92,5.9,50898,36739.59
2017,92,6.8,90849,51232.04
2017,70,6.9,56389,42882.81
2017,74,4.4,57745,46132.4
2017,69,5.8,89841,37857.71
2017,85,4.8,103668,50242.49
2017,73,9.1,93352,40762.82
2017,65,3.7,77199,43285.27
2017,84,7.6,98349,46174.29
2017,76,5.9,46885,36846.46
2017,91,6.8,98216,43881.67
2017,95,6.9,101667,39493.81
2017,84,6.5,65079,50485.1
2017,84,3.4,62731,54521.77
2017,78,3.5,93264,36321.74
2017,65,5.2,57460,46597.35
2017,79,6.2,94558,53781.92
2017,84,5.7,52630,41390.04
2017,75,4.4,95426,49718.74
2017,93,5.8,113078,38710.74
2017,98,4.8,94896,48172.53
2017,84,9.1,94513,54343.96
2017,94,3.7,76147,47698.31
2017,66,7.6,87941,35099.17
2017,65,5.9,67758,42102.83
2017,79,6.8,110318,53517.5
2017,98,6.9,110785,46616.94
2017,93,6.5,83768,52232.8
2017,82,3.4,86143,54833.29
2017,81,3.5,54901,40881.63
2017,78,5.2,106374,50247.42
2017,73,6.2,113268,50387.86
2017,97,5.7,63163,47945.07
2017,76,4.4,57388,40363.2
2017,91,5.8,57556,53403.61
2017,69,4.8,107006,38415.98
2017,84,9.1,116770,49116.38
2017,85,3.7,71225,37050.64
2017,98,7.6,77013,49859.5
2017,75,5.9,91558,36479.96
2017,84,6.8,93909,53827.59
2017,91,6.9,46540,39870.44
2017,84,6.5,45649,43287.71
2017,87,3.4,89195,44016.14
2017,84,3.5,66770,52507.79
2017,87,5.2,68681,51089.33
2017,66,6.2,119173,47886
2017,94,5.7,81940,43332.95
2017,86,4.4,63095,40264.97
2017,70,5.8,85750,46640.83
2017,94,4.8,56734,40687.46
2017,80,9.1,98891,39982.29
2017,83,3.7,99217,35815.79
2017,82,7.6,55978,40631.16
2017,90,5.9,113535,35239.52
2017,81,6.8,78468,42721.38
2017,68,6.9,72476,46297.66
2017,89,6.5,85034,36706.55
2017,81,3.4,63630,47937.63
2017,85,3.5,73766,38430.45
2017,98,5.2,78900,50396.25
2017,96,6.2,87180,51412.07
2017,95,5.7,64330,54778.16
2017,73,4.4,103742,37306.67
2017,75,5.8,68876,52860.02
2017,82,4.8,90832,54625.18
2017,84,9.1,82516,45660.3
2017,94,3.7,105184,45918.14
2017,79,7.6,50280,38147.71
2017,89,5.9,93103,37072.29
2017,84,6.8,102619,35912.08
2017,89,6.9,117121,36579.32
2017,83,6.5,47460,35855.32
2017,80,3.4,59487,50425.02
2017,75,3.5,90854,52417.29
2017,68,5.2,107494,50915.87
2017,80,6.2,114490,53005.56
2017,94,5.7,74508,42289.74
2017,90,4.4,86618,47207.84
2017,96,5.8,107022,37489.55
2017,78,4.8,118417,36158.04
2017,93,9.1,64899,41831.12
2017,78,3.7,110818,38639.75
2017,78,7.6,92531,43681.59
2017,65,5.9,57060,45407.1
2017,75,6.8,100566,42688.4
2017,78,6.9,54526,37076.09
2017,71,6.5,73380,36216.84
2017,95,3.4,54089,54073.16
2017,84,3.5,108471,51834.52
2017,86,5.2,88670,45706.23
2017,68,6.2,76317,46874.32
2017,81,5.7,80665,37358.07
2017,76,4.4,115312,44516.28
2017,66,5.8,54022,40889.87
2017,73,4.8,52018,49386.13
2017,88,9.1,109183,43069.62
2017,95,3.7,95398,41650.69
2017,68,7.6,47577,35556.37
2017,87,5.9,85020,53507.26
2017,79,6.8,106622,46690.26
2017,77,6.9,78228,39410.34
2017,99,6.5,108663,37825
2017,78,3.4,119160,51998.43
2017,99,3.5,105242,53069.97
2017,90,5.2,63707,49200.03
2017,71,6.2,110960,54150.63
2017,77,5.7,109795,45035.26
2017,80,4.4,115607,40702.13
2017,89,5.8,50286,38052.07
2017,73,4.8,110301,54269.63
2017,81,9.1,118984,41850.22
2017,72,3.7,73819,51201.31
2017,76,7.6,104791,52710.34
2017,87,5.9,114492,54025.6
2017,65,6.8,90066,47866.43
2017,75,6.9,56204,47134.74
2017,71,6.5,87814,40661.7
2017,96,3.4,51040,48958.43
2017,65,3.5,81786,50781.94
2017,88,5.2,113005,54395.31
2017,72,6.2,70867,42195.13
2017,86,5.7,118080,49277.87
2017,91,4.4,109111,43066.18
2017,96,5.8,85213,48261.97
2017,84,4.8,71455,40278.65
2017,86,9.1,90540,38491.21
2017,86,3.7,73650,42508.39
2017,98,7.6,78853,48376.17
2017,80,5.9,60419,36296.93
2017,69,6.8,94067,47336.44
2017,81,6.9,87864,38985.52
2017,92,6.5,64018,47144.12
2017,95,3.4,59271,44334.64
2017,70,3.5,101509,40999.54
2017,75,5.2,93744,47694.82
2017,66,6.2,61173,37748.91
2017,78,5.7,98931,52096.28
2017,92,4.4,119393,42522.31
2017,95,5.8,79158,39443.1
2017,66,4.8,92458,51283.05
2017,96,9.1,81881,39551.35
2017,86,3.7,75809,37789.92
2017,89,7.6,99745,45559.67
2017,76,5.9,71265,43464.36
2017,92,6.8,56552,43194.84
2017,86,6.9,106404,49520.41
2017,98,6.5,97005,47683.15
2017,85,3.4,109617,53318.97
2017,66,3.5,58232,51492.42
2017,95,5.2,91254,47820.49
2017,66,6.2,80465,42060.73
2017,65,5.7,108784,52922.62
2017,83,4.4,59315,49526.19
2017,79,5.8,58980,45347.49
2017,79,4.8,70379,54935.62
2017,75,9.1,60476,41883.88
2017,80,3.7,69707,50696.58
2017,96,7.6,98273,36903.46
2017,88,5.9,104540,37256.58
2017,72,6.8,83737,53042.82
2017,79,6.9,90371,52043.04
2017,82,6.5,72080,40269.04
2017,89,3.4,104164,46886.02
2017,68,3.5,85390,46411.55
2017,96,5.2,86767,48404.34
2017,86,6.2,68466,42079.67
2017,73,5.7,45433,36894.67
2017,78,4.4,46749,53689.28
2017,94,5.8,118053,47417.81
2017,71,4.8,105112,42250.67
2017,72,9.1,106604,54504.98
2017,79,3.7,117444,36827.42
2017,66,7.6,115274,53160.86
2017,69,5.9,91676,48667.08
2017,67,6.8,47100,44338.18
2017,75,6.9,98611,54533.01
2017,83,4.4,48657,42053.57
2017,92,5.8,54061,39804.65
2017,69,4.8,101202,48387.5
2017,86,9.1,111714,40804.3
2017,73,3.7,63995,45998.34
2017,77,7.6,63902,45531.18
2017,97,5.9,107031,46376.47
2017,96,6.8,101975,46167.11
2017,83,6.9,75027,49076.21
2017,86,6.5,54693,43854.49
2017,97,3.4,99690,41969.35
2017,95,3.5,52616,36886.28
2017,83,5.2,75019,50095.86
2017,81,6.2,71359,54292.05
2017,80,5.7,75565,41014.25
2017,95,4.4,52082,45790.09
2017,81,5.8,115504,53627.11
2017,71,4.8,65212,50235.66
2017,96,9.1,97797,53497.8
2017,88,3.7,115344,54409.09
2017,65,7.6,97375,47320.39
2017,99,5.9,93119,49116.56
2017,74,6.8,116968,48285.55
2017,77,6.9,50594,35612.79
2017,93,6.5,95726,48067.48
2017,84,3.4,80777,54055.53
2017,84,3.5,61248,45951.05
2017,81,5.2,57375,40996.12
2017,81,6.2,93887,42230.58
2017,72,5.7,97422,37162.64
2017,71,4.4,86802,51694.93
2017,86,5.8,85279,35518.86
2017,76,4.8,51240,54080.08
2017,81,9.1,81451,51810.65
2017,85,3.7,67135,41551.86
2017,72,7.6,107702,51636.23
2017,77,5.9,113012,39623.95
2017,67,6.8,51754,45113.63
2017,84,6.9,117098,48881.86
2017,75,6.5,64691,42910.21
2017,99,3.4,65544,46659.33
2017,75,3.5,65698,42959.47
2017,76,5.2,45741,41691.8
2017,67,6.2,100872,46561.85
2017,73,5.7,64132,50635.52
2017,95,4.4,85860,37371.73
2017,97,5.8,80902,48559.63
2017,88,4.8,75307,54300.4
2017,94,9.1,73005,43901.61
2017,96,3.7,108653,38039.77
2017,82,7.6,96883,38193.36
2017,98,5.9,110532,42122.15
2017,73,6.8,110000,48860.7
2017,82,6.9,84101,39980.18
2017,92,6.5,45726,49909.41
2017,96,3.4,113227,46009.45
2017,95,3.5,91745,49021.28
2017,82,5.2,95271,48870.28
2017,65,6.2,67132,50441.56
2017,97,5.7,108283,42661.95
2017,78,4.4,113806,53582.59
2017,98,5.8,68049,40268.89
2017,92,4.8,65066,43677.82
2017,85,9.1,59540,48804.45
2017,86,3.7,74191,53760.59
2017,98,7.6,110484,40501.04
2017,76,5.9,113191,39359.04
2017,79,6.8,88144,49217.35
2017,77,6.9,91731,38520.63
2017,66,6.5,83494,52759.36
2017,93,3.4,61626,48518.45
2017,88,3.5,54726,40976.7
2017,66,5.2,106207,45050.43
2017,69,6.2,50540,43832.37
2017,96,5.7,82143,52642.99
2017,98,4.4,46822,44123.94
2017,84,5.8,105689,49662.2
2017,67,4.8,83412,47818.57
2017,88,9.1,108990,37677.54
2017,92,3.7,45761,49423.76
2017,93,7.6,85627,38424.12
2017,69,5.9,56309,35353.6
2017,77,6.8,70858,39084.38
2017,67,6.9,49951,43422.71
2017,68,6.5,93044,53718.34
2017,89,3.4,98782,49190.49
2017,75,3.5,63379,36533.97
2017,93,5.2,116133,35935.49
2017,66,6.2,98795,50140.04
2017,84,5.7,79470,39663.26
2016,93,4.4,52156,37649.91
2016,96,5.8,81181,45920.47
2016,90,4.8,78391,49093.98
2016,83,9.1,70741,38443.52
2016,88,3.7,75055,41905.41
2016,72,7.6,74818,35498.01
2016,81,5.9,55544,40166.86
2016,96,6.8,53765,43506.63
2016,93,6.9,88777,52977.26
2016,95,6.5,62440,38744.89
2016,77,3.4,94066,38588.28
2016,91,3.5,110970,39836.48
2016,70,5.2,89343,41552.3
2016,83,6.2,59543,39040.12
2016,88,5.7,46138,39742.59
2016,89,4.4,52714,51779.59
2016,99,5.8,118826,38239.54
2016,93,4.8,61450,38329.84
2016,83,9.1,51691,38897.77
2016,70,3.7,117319,40876.85
2016,72,7.6,60991,38849.87
2016,95,5.9,75833,43454.19
2016,87,6.8,72889,52368.49
2016,94,6.9,63575,44780.67
2016,71,6.5,81836,47828.79
2016,71,3.4,116794,45622.64
2016,74,3.5,56930,54602.34
2016,92,5.2,78916,37209.39
2016,99,6.2,88634,45593.6
2016,99,5.7,48481,42632.8
2016,76,4.4,100505,52490.16
2016,89,5.8,73654,49677.89
2016,97,4.8,54314,46246.33
2016,78,9.1,117947,50406.16
2016,74,3.7,53994,47668.44
2016,66,7.6,63415,52546.76
2016,79,5.9,99333,52648.03
2016,92,6.8,47047,53999.3
2016,72,6.9,95128,43871.03
2016,69,6.5,119407,52070.67
2016,96,3.4,59920,48998.5
2016,80,3.5,104388,44409.9
2016,85,5.2,117756,50700.57
2016,97,6.2,111258,48136.53
2016,68,5.7,116971,45199.97
2016,65,4.4,86535,35370.45
2016,86,5.8,105267,44435.81
2016,89,4.8,113086,47800.79
2016,79,9.1,113468,44599.3
2016,70,3.7,87883,52651.23
2016,70,7.6,101112,38568.11
2016,85,5.9,73785,38891.5
2016,65,6.8,104271,41023.64
2016,78,6.9,113641,43283.16
2016,71,6.5,53555,51804.08
2016,84,3.4,75527,37244.95
2016,68,3.5,59923,47832.09
2016,69,5.2,119496,41985.79
2016,83,6.2,85488,42502.07
2016,69,5.7,92646,37900.06
2016,67,4.4,59510,49516.41
2016,87,5.8,118711,40224.45
2016,94,4.8,110726,48411.88
2016,84,9.1,116013,51168.65
2016,70,3.7,100344,53064.33
2016,74,7.6,101731,54930.96
2016,90,5.9,76771,49168.78
2016,76,6.8,94463,53554.7
2016,86,6.9,60788,51622.77
2016,72,6.5,66133,36382.14
2016,79,3.4,111216,36285.74
2016,86,3.5,86523,50860.92
2016,90,5.2,104405,45096.77
2016,93,6.2,111818,39325.2
2016,71,5.7,48831,36297.58
2016,81,4.4,104864,54123.34
2016,84,5.8,90656,40130.33
2016,76,4.8,109441,35483.78
2016,70,9.1,119761,36279.64
2016,74,3.7,106433,36335.78
2016,70,7.6,80682,42703.16
2016,67,5.9,112397,48520.06
2016,89,6.8,93320,40852.41
2016,83,6.9,59231,45520.48
2016,88,4.4,45888,40010.57
2016,75,5.8,86595,36161.59
2016,69,4.8,105848,38425.04
2016,82,9.1,81364,46821.39
2016,81,3.7,73762,40069.04
2016,68,7.6,119961,43517.62
2016,73,5.9,103804,52780.08
2016,75,6.8,110973,36566
2016,66,6.9,97812,37238.01
2016,90,6.5,101948,45681.11
2016,81,3.4,50809,37342.13
2016,89,3.5,102416,49912.86
2016,68,5.2,107284,35873.81
2016,68,6.2,116420,51188.39
2016,72,5.7,105932,44468.43
2016,70,4.4,58129,40062.11
2016,88,5.8,86902,46327.78
2016,72,4.8,105131,40316.73
2016,80,9.1,55070,35152.55
2016,99,3.7,74923,45286.84
2016,68,7.6,114373,47203.54
2016,69,5.9,90752,35877.66
2016,86,6.8,70740,49468.73
2016,89,6.9,60573,46538.11
2016,80,6.5,119095,42944.05
2016,99,3.4,68406,48325.21
2016,67,3.5,67252,40825.9
2016,94,5.2,47987,51759.34
2016,82,6.2,108947,43586.76
2016,86,5.7,111546,48416.34
2016,67,4.4,75686,40347.81
2016,71,5.8,102736,46402.55
2016,87,4.8,74765,50585.76
2016,92,9.1,58015,38791.31
2016,72,3.7,51623,38803.96
2016,69,7.6,76128,40512.92
2016,77,5.9,104888,36242.04
2016,73,6.8,113325,42157.79
2016,92,6.9,90043,39999.82
2016,84,6.5,49674,42915.15
2016,74,3.4,74511,41663.76
2016,82,3.5,115199,45428.18
2016,66,5.2,97586,52936.63
2016,72,6.2,45986,47895.36
2016,90,5.7,53777,38009
2016,90,4.4,72275,50479.6
2016,86,5.8,104712,52276.76
2016,67,4.8,84575,36461.15
2016,86,9.1,46595,44449.43
2016,97,3.7,73937,46486.07
2016,66,7.6,114414,40062.04
2016,78,5.9,97626,47910.09
2016,75,6.8,82247,45392.12
2016,76,6.9,91409,45415.34
2016,93,4.4,77505,51215.25
2016,98,5.8,119136,41963.68
2016,78,4.8,46402,36756.22
2016,91,9.1,54341,43091.56
2016,85,3.7,103113,36767.49
2016,77,7.6,109542,41594.95
2016,78,5.9,91620,51707.47
2016,89,6.8,56796,42299.74
2016,66,6.9,115964,42225.28
2016,71,6.5,73500,37972.84
2016,77,3.4,60400,44135.19
2016,89,3.5,89146,46979.25
2016,67,5.2,109299,54183.79
2016,76,6.2,106371,46163.27
2016,77,5.7,53609,42218.77
2016,78,4.4,95718,41574.53
2016,82,5.8,116979,48406.37
2016,94,4.8,64977,44149.17
2016,78,9.1,113002,48159.28
2016,94,3.7,82018,43408.95
2016,79,7.6,69877,49517.81
2016,70,5.9,53511,52473.16
2016,94,6.8,66549,37446.2
2016,67,6.9,114678,51810.07
2016,78,6.5,51380,48518.64
2016,72,3.4,119438,46135.18
2016,99,3.5,118675,53351.11
2016,70,5.2,77176,37635.2
2016,81,6.2,86564,52829.82
2016,87,5.7,54381,50883.71
2016,94,4.4,75865,53275.3
2016,93,5.8,119769,42375.8
2016,92,4.8,115540,42678.24
2016,90,9.1,103833,42923.08
2016,79,3.7,63659,36812.18
2016,86,7.6,46433,54394.85
2016,79,5.9,93371,48821.75
2016,85,6.8,65783,35509.74
2016,76,6.9,73908,47489.73
2016,71,6.5,51758,48493.24
2016,72,3.4,116831,37728.98
2016,91,3.5,79502,51583.26
2016,90,5.2,48228,51900.17
2016,95,6.2,54669,49386.27
2016,84,5.7,65466,43782.85
2016,91,4.4,54108,49977.61
2016,77,5.8,85827,42851.38
2016,73,4.8,111501,48781.67
2016,90,9.1,82844,39825.72
2016,78,3.7,103623,42691.81
2016,98,7.6,78631,41637.97
2016,67,5.9,93701,36781.07
2016,68,6.8,110745,51990.57
2016,75,6.9,111627,47480.08
2016,80,6.5,105321,43777.56
2016,87,3.4,111600,42130.45
2016,83,3.5,58533,46179.99
2016,91,5.2,60094,52930.05
2016,97,6.2,50010,39650.32
2016,94,5.7,75950,50505.85
2016,68,4.4,79078,54443.94
2016,91,5.8,110714,35838.37
2016,70,4.8,92820,37127.19
2016,87,9.1,63585,45494.51
2016,95,3.7,50193,50987.34
2016,82,7.6,94516,40364.46
2016,94,5.9,59399,44402.04
2016,81,6.8,90393,44008.92
2016,69,6.9,84408,39057.26
2016,78,6.5,101462,47811.33
2016,84,3.4,114754,45636.89
2016,88,3.5,63716,44945.9
2016,71,5.2,91458,42017.59
2016,68,6.2,71150,38065.17
2016,97,5.7,105988,50954.55
2016,86,4.4,109047,47039.13
2016,90,5.8,94764,50897.9
2016,79,4.8,118082,48736.32
2016,76,9.1,73626,48410.95
2016,67,3.7,65466,50036.69
2016,81,7.6,77922,48073.96
2016,99,5.9,101919,50415.13
2016,91,6.8,66354,35418.8
2016,93,6.9,71107,54654.85
2016,99,6.5,70538,45292.84
2016,66,3.4,57883,49192.21
2016,77,3.5,80553,35679.01
2016,99,5.2,103811,52348.11
2016,99,6.2,88807,48853.71
2016,75,5.7,68323,51237.79
2016,82,4.4,73034,52273.78
2016,66,5.8,50091,40600.17
2016,73,4.8,46266,42547.52
2016,90,9.1,97765,49195.9
2016,65,3.7,62428,48424.58
2016,85,7.6,92285,47738.91
2016,78,5.9,90644,52943.09
2016,87,6.8,100820,54871.34
2016,97,6.9,79293,51335.27
2016,71,6.5,116267,36498.53
2016,85,3.4,46370,39706.28
2016,82,3.5,89077,51633.14
2016,87,5.2,64843,44598.64
2016,65,6.2,55660,45563.15
2016,89,5.7,81293,49567.11
2016,69,4.4,115486,36819.64
2016,79,5.8,68175,47565.88
2016,91,4.8,88305,39960.68
2016,72,9.1,118147,47256.71
2016,77,3.7,59483,36402.6
2016,97,7.6,49709,54024.51
2016,94,5.9,117517,42644
2016,97,6.8,114256,53948.68
2016,71,6.9,114840,44731.29
2016,74,4.4,102971,42414.22
2016,73,5.8,104575,36498.93
2016,76,4.8,68517,51382.63
2016,89,9.1,59126,47663.26
2016,81,3.7,94090,48431.05
2016,98,7.6,49320,45821.08
2016,88,5.9,59440,46006.3
2016,71,6.8,118126,45509.43
2016,84,6.9,79272,47229.5
2016,87,6.5,115654,35620.74
2016,78,3.4,111826,37051.85
2016,68,3.5,50569,43913.9
2016,81,5.2,104561,54085.3
2016,91,6.2,93583,37243.31
2016,87,5.7,45607,38805.77
2016,99,4.4,81276,42873.64
2016,71,5.8,59060,54012.14
2016,90,4.8,91998,48137.76
2016,97,9.1,112064,51606.11
2016,91,3.7,50387,45119.31
2016,72,7.6,83724,51461.68
2016,66,5.9,111741,40301.97
2016,74,6.8,90253,43630.17
2016,65,6.9,95232,36445.14
2016,76,6.5,109122,38299.42
2016,67,3.4,99585,35807.45
2016,70,3.5,64345,51498.67
2016,71,5.2,66882,53601.76
2016,93,6.2,104956,36723.83
2016,89,5.7,57691,53673.57
2016,96,4.4,82878,39788.12
2016,85,5.8,93424,40147.27
2016,68,4.8,96837,50735.94
2016,85,9.1,87142,48649.31
2016,89,3.7,66882,44944.79
2015,94,7.6,87591,41504.12
2015,90,5.9,87107,39489.72
2015,77,6.8,76164,50688.13
2015,94,6.9,46567,35830.33
2015,71,6.5,105365,47934.27
2015,91,3.4,117178,43798.48
2015,79,3.5,99055,48949.61
2015,79,5.2,58054,52348.6
2015,90,6.2,79845,37516.63
2015,72,5.7,118008,41123.49
2015,76,4.4,78999,54506.89
2015,70,5.8,62054,45695.19
2015,77,4.8,48324,48268.61
2015,67,9.1,104458,35340.83
2015,98,3.7,117895,52371.24
2015,83,7.6,58635,46936.41
2015,69,5.9,59467,35455.1
2015,86,6.8,92028,52399.48
2015,67,6.9,75161,41331.32
2015,77,6.5,46790,47809.44
2015,83,3.4,89848,50864.37
2015,96,3.5,109360,46482.49
2015,78,5.2,81953,41718.34
2015,79,6.2,56272,43719.16
2015,65,5.7,85401,50104.53
2015,80,4.4,50962,46017.4
2015,89,5.8,85272,54591.03
2015,82,4.8,47837,37296.91
2015,70,9.1,46794,47119.45
2015,90,3.7,54658,36352.48
2015,77,7.6,104724,46527.81
2015,81,5.9,50687,51011.47
2015,96,6.8,98591,54884.53
2015,89,6.9,67107,47580.13
2015,99,6.5,64595,46985.14
2015,76,3.4,92557,36470.61
2015,78,3.5,60100,50135.4
2015,72,5.2,103865,36835.2
2015,97,6.2,71659,54857.94
2015,94,5.7,98992,39817.18
2015,71,4.4,102944,53388.4
2015,91,5.8,108701,47888.18
2015,81,4.8,105588,43579.76
2015,74,9.1,108420,50980.7
2015,95,3.7,60203,39261
2015,97,7.6,117779,40171.06
2015,84,5.9,54204,52787.48
2015,99,6.8,69036,43413.67
2015,82,6.9,104014,48396.31
2015,91,6.5,75947,46088.01
2015,71,3.4,75203,49287.14
2015,86,3.5,47448,43127.38
2015,90,5.2,53135,52743.94
2015,75,6.2,109168,54779.72
2015,99,5.7,66954,35724.97
2015,93,4.4,115587,53082.22
2015,80,5.8,76509,48156.59
2015,80,4.8,70161,36010.51
2015,72,9.1,90594,36913.81
2015,78,3.7,104882,39789.96
2015,68,7.6,66703,41843.07
2015,85,5.9,71644,35580.07
2015,84,6.8,75482,48822.7
2015,65,6.9,115664,43901.83
2015,69,6.5,114933,53403.74
2015,77,3.4,97627,43823.81
2015,73,3.5,66217,52527.35
2015,95,5.2,79074,36138.94
2015,97,6.2,91271,48896.07
2015,98,5.7,60498,44576.32
2015,76,4.4,110379,37200.4
2015,84,5.8,67502,43802.25
2015,68,4.8,82394,54682.69
2015,70,9.1,64227,43045.26
2015,89,3.7,49617,47497.81
2015,84,7.6,69468,49786.44
2015,99,5.9,109234,38291.19
2015,93,6.8,91963,43883.74
2015,77,6.9,74076,52919.31
2015,95,6.5,100861,36790.56
2015,93,3.4,52453,37262.58
2015,95,3.5,69482,48197.92
2015,72,5.2,55246,54317.39
2015,90,6.2,51579,39843.55
2015,94,5.7,81539,44277.34
2015,69,4.4,70971,46651.95
2015,70,5.8,78704,42961.25
2015,83,4.8,77018,54906.34
2015,88,9.1,119850,39609.98
2015,95,3.7,84765,36906.06
2015,82,7.6,113232,36278.85
2015,96,5.9,114244,47930.27
2015,95,6.8,50737,36364.6
2015,76,6.9,62457,54765.37
2015,93,6.5,89472,49600.65
2015,98,3.4,87219,43123.73
2015,76,3.5,50530,50932.86
2015,83,5.2,98069,36033.13
2015,94,6.2,93288,46978.93
2015,97,5.7,87733,36835.33
2015,71,4.4,76982,39335.43
2015,80,5.8,116491,50820.42
2015,68,4.8,68482,43450.58
2015,67,9.1,67238,47342.91
2015,84,3.7,73630,50521.13
2015,84,7.6,90680,43560.17
2015,90,5.9,69557,47810.97
2015,92,6.8,71145,40895.67
2015,71,6.9,68219,44323.58
2015,92,6.5,54733,52912.33
2015,97,3.4,63898,53185.7
2015,78,3.5,102826,38758.71
2015,98,5.2,109610,38968.94
2015,99,6.2,110709,52215.26
2015,86,5.7,80681,50874.22
2015,79,4.4,52040,51287.77
2015,68,5.8,112346,51491.73
2015,92,4.8,67596,53405.74
2015,81,9.1,59932,49261.87
2015,71,3.7,103655,41467.07
2015,89,7.6,50368,43256.42
2015,70,5.9,98956,40056.03
2015,76,6.8,119427,44173.5
2015,84,6.9,74926,52390.37
2015,81,6.5,118408,39498.41
2015,95,3.4,111767,44527.74
2015,67,3.5,97752,43817.44
2015,85,5.2,90430,36631.48
2015,93,6.2,63713,50208.46
2015,74,5.7,119969,41042.77
2015,93,4.4,92719,37912.69
2015,99,5.8,50634,51946.38
2015,88,4.8,85360,39444.99
2015,87,9.1,74058,41605.82
2015,94,3.7,100511,41610.68
2015,67,7.6,53602,52059.95
2015,90,5.9,98549,43517.71
2015,84,6.8,93616,40216.82
2015,94,6.9,59952,40801.34
2015,88,4.4,65039,42145.35
2015,72,5.8,59832,47020.81
2015,85,4.8,59727,39700.69
2015,71,9.1,68423,54619.97
2015,95,3.7,114709,51329.14
2015,85,7.6,85366,38540.15
2015,80,5.9,46121,43750.54
2015,82,6.8,48255,39598.85
2015,91,6.9,45935,36678.52
2015,76,6.5,117782,52083.31
2015,76,3.4,81297,48471.21
2015,74,3.5,78649,44382.22
2015,88,5.2,71302,53978.4
2015,73,6.2,91400,52365.8
2015,71,5.7,98874,38648.92
2015,67,4.4,47468,54304.78
2015,71,5.8,48720,49213.49
2015,84,4.8,72809,50056.12
2015,78,9.1,104283,51710.62
2015,69,3.7,62833,35554.96
2015,90,7.6,100148,43634.69
2015,95,5.9,49294,51343.03
2015,85,6.8,79930,43107.93
2015,99,6.9,99354,42630.41
2015,84,6.5,72349,51780.13
2015,80,3.4,111579,53961.73
2015,86,3.5,74498,38433.32
2015,65,5.2,90923,48705.11
2015,79,6.2,77586,35712.77
2015,97,5.7,114703,37895.88
2015,76,4.4,86270,40216.22
2015,70,5.8,64684,52391.2
2015,84,4.8,104845,54970.32
2015,65,9.1,60775,50916.41
2015,88,3.7,75340,44244.86
2015,93,7.6,118521,35376.87
2015,72,5.9,62192,44594.33
2015,69,6.8,103392,52347.42
2015,82,6.9,102786,54673.06
2015,79,6.5,104351,47585.97
2015,69,3.4,58153,45717.42
2015,72,3.5,46052,52186.3
2015,65,5.2,78293,37516.77
2015,85,6.2,55375,46186.1
2015,65,5.7,112025,52149.55
2015,66,4.4,115766,40128.42
2015,85,5.8,59149,51684.53
2015,93,4.8,101936,44553.65
2015,97,9.1,64939,36749.47
2015,98,3.7,57586,47292.2
2015,95,7.6,49737,50691.02
2015,84,5.9,63578,44755.27
2015,75,6.8,111977,50373.13
2015,79,6.9,110500,36761.59
2015,90,6.5,79564,46667.69
2015,80,3.4,64433,46452.44
2015,67,3.5,106177,44725.17
2015,68,5.2,70031,40235.76
2015,79,6.2,113600,53163.48
2015,71,5.7,100919,39275.73
2015,67,4.4,73775,44336.68
2015,67,5.8,106503,49666.39
2015,99,4.8,108021,40046.68
2015,94,9.1,58667,52686.93
2015,75,3.7,46370,50822.72
2015,91,7.6,103328,38262.34
2015,70,5.9,107549,47140.61
2015,68,6.8,81681,35339.42
2015,97,6.9,101170,38184.82
2015,90,6.5,68948,44047.09
2015,69,3.4,104706,38243.62
2015,67,3.5,102676,45448.39
2015,79,5.2,59420,37309.43
2015,89,6.2,93240,51276.32
2015,91,5.7,115109,39459.66
2015,82,4.4,72553,41462.78
2015,81,5.8,115392,43032.14
2015,71,4.8,94603,42014.19
2015,91,9.1,55564,41098.17
2015,94,3.7,55833,54741.55
2015,93,7.6,54936,44052.44
2015,70,5.9,99589,40329.53
2015,92,6.8,88280,36920.32
2015,84,6.9,51846,44704.05
2015,73,6.5,93264,49391.71
2015,67,3.4,79917,42696.83
2015,96,3.5,50128,48259.54
2015,96,5.2,71854,35016.44
2015,87,6.2,90323,52224.44
2015,71,5.7,95746,37047.18
2015,73,4.4,118033,38413.19
2015,85,5.8,108729,42554
2015,87,4.8,94127,46250.96
2015,96,9.1,93691,35803.02
2015,94,3.7,63552,51466.68
2015,77,7.6,104367,41979.39
2015,66,5.9,69494,35054.12
2015,87,6.8,75354,38065.63
2015,78,6.9,76125,38061.53
2015,82,6.5,84667,35341.79
2015,92,3.4,85178,52521.45
2015,71,3.5,117786,39432.52
2015,79,5.2,90425,45895.31
2015,70,6.2,52917,48955.48
2015,82,5.7,79281,46060.71
2015,94,4.4,50303,36166.04
2015,98,5.8,75007,42593.34
2015,79,4.8,109763,42841.13
2015,73,9.1,109966,37328.35
2015,69,3.7,119497,50305.9
2015,96,7.6,89340,47053.22
2015,81,5.9,106587,41121.81
2015,84,6.8,114722,43467.57
2015,85,6.9,95822,54324.88
2015,86,6.5,88980,39543.79
2015,86,3.4,52867,35741.49
2015,84,3.5,69826,48809.79
2015,77,5.2,58076,47787.59
2015,76,6.2,56073,49125.97
2015,84,5.7,116168,43761.23
2015,94,4.4,98989,45599.11
2015,68,5.8,82039,41118.69
2015,83,4.8,70726,51864.33
2015,79,9.1,113528,54192.84
2015,78,3.7,81805,54688.48
2015,83,7.6,81370,50541.77
2015,86,5.9,61541,49516.66
2015,78,6.8,111134,52742.8
2015,94,6.9,86116,38555.82
2015,94,6.5,88221,51960.65
2015,97,3.4,78364,50681.65
2015,88,3.5,78251,40511.42
2015,92,5.2,87722,38341.42
2015,79,6.2,94656,42778.33
2015,99,5.7,94970,35895.13
2015,78,4.4,60902,54470.17
2015,83,5.8,103807,51750.86
2015,91,4.8,87038,54237.17
2015,91,9.1,98374,51711.66
2015,73,3.7,88481,35227.13
2015,79,7.6,110789,38567.04
2014,80,5.9,77716,45627.25
2014,74,6.8,99566,48854.41
2014,79,6.9,58642,40760.36
2014,65,6.5,72932,54955.85
2014,94,3.4,88897,51043.42
2014,74,3.5,96533,40627.19
2014,82,5.2,114742,51009.69
2014,66,6.2,68205,52009.91
2014,80,5.7,107275,40669.39
2014,71,4.4,99089,35285.4
2014,76,5.8,62006,42573.36
2014,65,4.8,68473,36732.32
2014,79,9.1,104459,38268.45
2014,82,3.7,118030,45149.89
2014,94,7.6,47796,53807.02
2014,95,5.9,45999,38947.45
2014,91,6.8,103732,54087.93
2014,66,6.9,106762,38342.1
2014,71,6.5,117250,41384.82
2014,72,3.4,109094,35171.89
2014,83,3.5,86361,54559.26
2014,82,5.2,80253,44356.77
2014,81,6.2,61560,39327.9
2014,76,5.7,115277,38850.12
2014,81,4.4,46894,43478.94
2014,93,5.8,49791,38800.94
2014,70,4.8,112173,49050.28
2014,77,9.1,87128,51012.39
2014,73,3.7,93084,37273.72
2014,65,7.6,58163,47247.99
2014,67,5.9,62765,37462.59
2014,96,6.8,115201,40734.42
2014,79,6.9,102077,42896.06
2014,76,4.4,102857,36725.54
2014,69,5.8,53239,50527.52
2014,90,4.8,110800,51361.39
2014,95,9.1,65670,42030.8
2014,96,3.7,105802,47788.44
2014,82,7.6,96838,53240.17
2014,92,5.9,98710,45490.59
2014,89,6.8,61303,45073.87
2014,78,6.9,72880,43019.05
2014,87,6.5,81449,54635.6
2014,74,3.4,48656,45902.1
2014,67,3.5,85419,51782.63
2014,67,5.2,60483,37462.73
2014,70,6.2,102671,39498.16
2014,69,5.7,76738,42112.09
2014,98,4.4,85075,36321.5
2014,98,5.8,77547,44360.32
2014,84,4.8,113375,52730.47
2014,68,9.1,113487,44010.48
2014,82,3.7,111314,36446.08
2014,75,7.6,107663,48024.51
2014,90,5.9,95551,46602.6
2014,69,6.8,72079,45480.28
2014,84,6.9,77267,44335.67
2014,72,6.5,118515,48787.15
2014,82,3.4,106217,43297.52
2014,66,3.5,65300,38123.48
2014,65,5.2,45916,47933.81
2014,90,6.2,61571,53483.22
2014,99,5.7,65031,48914.49
2014,85,4.4,114980,37600.05
2014,67,5.8,110848,51744.01
2014,75,4.8,60765,51511.17
2014,69,9.1,46388,40136.5
2014,70,3.7,96880,47844.03
2014,92,7.6,66115,39234.77
2014,67,5.9,47898,37211.85
2014,68,6.8,106340,42847.24
2014,90,6.9,117973,50178.24
2014,76,6.5,79762,42710.77
2014,95,3.4,95582,38095.92
2014,95,3.5,75412,43663.96
2014,92,5.2,97138,40691.21
2014,93,6.2,63568,40087.58
2014,98,5.7,105275,52490.79
2014,94,4.4,115773,43266.23
2014,68,5.8,59158,41968.19
2014,77,4.8,57858,45054.63
2014,92,9.1,84854,53675.9
2014,73,3.7,103524,46726.73
2014,71,7.6,113954,49283.25
2014,97,5.9,118430,53900.3
2014,80,6.8,47924,38505.65
2014,66,6.9,112368,40470.78
2014,88,6.5,63451,54194.71
2014,68,3.4,92658,51815.94
2014,78,3.5,119684,40156.25
2014,66,5.2,79116,52508.99
2014,92,6.2,91810,45743.17
2014,84,5.7,56046,44749.08
2014,97,4.4,65859,35554.56
2014,75,5.8,65104,35760.6
2014,83,4.8,84274,35388.87
2014,86,9.1,93744,48492.56
2014,85,3.7,63607,52524.75
2014,73,7.6,60951,45500.51
2014,95,5.9,117784,54705.38
2014,85,6.8,51723,43838.53
2014,68,6.9,68344,49119.75
2014,97,6.5,110174,50911.96
2014,89,3.4,62595,39920.62
2014,99,3.5,78281,49058.82
2014,66,5.2,89702,45176.21
2014,89,6.2,78018,46820.05
2014,98,5.7,111987,38476.52
2014,96,4.4,92882,49594.39
2014,81,5.8,72140,51226.07
2014,77,4.8,103191,50467.49
2014,91,9.1,77364,51714.77
2014,75,3.7,117494,36955.19
2014,74,7.6,81911,38129.55
2014,93,5.9,69738,35022.77
2014,68,6.8,55020,50744.52
2014,66,6.9,83593,47822.72
2014,79,6.5,59146,47002.7
2014,87,3.4,116345,35992.75
2014,75,3.5,55017,46251.82
2014,76,5.2,117583,36400.55
2014,76,6.2,93576,54433.24
2014,79,5.7,95775,51850.29
2014,81,4.4,86314,49065.55
2014,69,5.8,104851,47645.59
2014,76,4.8,45685,39563.13
2014,76,9.1,51002,44773
2014,96,3.7,46602,42189.54
2014,72,7.6,66128,50411.3
2014,77,5.9,102694,39110.07
2014,86,6.8,75988,35331.58
2014,87,6.9,53949,49004.53
2014,85,6.5,114934,41156.82
2014,68,3.4,54402,45381.86
2014,91,3.5,94129,40702.59
2014,71,5.2,96626,40126.06
2014,94,6.2,87620,39060.95
2014,65,5.7,73298,45089.08
2014,94,4.4,69373,41311.37
2014,95,5.8,60741,37103.72
2014,90,4.8,65168,50811.11
2014,65,9.1,73327,49767.77
2014,74,3.7,61602,42521.32
2014,68,7.6,96364,42734.52
2014,81,5.9,61497,44705.2
2014,92,6.8,56779,44157.97
2014,86,6.9,89983,40689.97
2014,79,6.5,51642,45543.67
2014,73,3.4,80935,46562.7
2014,85,3.5,116455,38578
2014,65,5.2,92326,39762.45
2014,65,6.2,45341,40220.46
2014,85,5.7,61151,50416.44
2014,81,4.4,78467,48119.86
2014,87,5.8,88174,54065.2
2014,76,4.8,76033,41973.8
2014,95,9.1,111808,41191.49
2014,93,3.7,99606,43632.96
2014,80,7.6,55603,39186.77
2014,87,5.9,52076,50561.11
2014,68,6.8,100077,41964.2
2014,68,6.9,109273,39196.31
2014,90,6.5,93675,54379.56
2014,94,3.4,72186,45649.87
2014,83,3.5,63029,52044.62
2014,89,5.2,109919,54070.26
2014,66,6.2,65952,50231
2014,83,5.7,87184,45592.12
2014,77,4.4,79527,50388.62
2014,66,5.8,79812,52513.49
2014,77,4.8,68665,35305.26
2014,88,9.1,85652,51089.82
2014,66,3.7,105192,40633.21
2014,97,7.6,78811,39456.26
2014,87,5.9,87521,45521.75
2014,84,6.8,68200,39539.23
2014,98,6.9,57823,38963.58
2014,72,6.5,100502,41917.37
2014,80,3.4,62279,44479.33
2014,83,3.5,46586,46662.96
2014,86,5.2,95095,51389.3
2014,85,6.2,110588,39467.93
2014,83,5.7,51097,46769
2014,75,4.4,88739,41390.13
2014,97,5.8,93188,39769.09
2014,78,4.8,48360,46091.02
2014,95,9.1,86716,52973.08
2014,87,3.7,102497,53135.28
2014,70,7.6,67376,35846.58
2014,85,5.9,101812,54209.65
2014,99,6.8,109428,53969.33
2014,74,6.9,85705,51658.02
2014,75,6.5,65092,52138.69
2014,81,3.4,110534,45107.09
2014,98,3.5,107914,50691.12
2014,91,5.2,64675,45612.19
2014,94,6.2,104288,43508.12
2014,71,5.7,52320,48813.51
2014,96,4.4,52440,39215.14
2014,81,5.8,92035,44286.37
2014,94,4.8,90071,43908.93
2014,78,9.1,94298,44774.54
2014,84,3.7,71895,45564.09
2014,91,7.6,57642,37377.34
2014,97,5.9,96437,47913.39
2014,90,6.8,70072,54168.98
2014,92,6.9,113169,39241.04
2014,75,4.4,96007,42445.57
2014,74,5.8,100727,53090.68
2014,89,4.8,71760,51342.35
2014,71,9.1,84842,45156.18
2014,96,3.7,47604,47328.31
2014,72,7.6,109854,50091.94
2014,90,5.9,64866,40709.64
2014,89,6.8,90815,51903.84
2014,74,6.9,83541,52719.07
2014,98,6.5,79524,53658.11
2014,79,3.4,112647,39430.05
2014,67,3.5,115444,52681.07
2014,90,5.2,102966,36986.47
2014,87,6.2,45960,45417.58
2014,67,5.7,50682,44594.72
2014,86,4.4,87035,39302.76
2014,98,5.8,110899,44004.41
2014,68,4.8,88111,49144.9
2014,74,9.1,94794,38811.99
2014,82,3.7,92897,44853.97
2014,75,7.6,113249,46173.91
2014,86,5.9,113140,35394.04
2014,67,6.8,88055,40088.49
2014,86,6.9,50710,37490.82
2014,73,6.5,78665,38422.88
2014,70,3.4,116911,38440.01
2014,94,3.5,72833,35070.47
2014,89,5.2,117590,47358.78
2014,80,6.2,68740,51159.98
2014,80,5.7,66073,37307.92
2014,89,4.4,91990,39197.75
2014,82,5.8,52417,39873.66
2014,88,4.8,69940,39695.37
2014,81,9.1,79855,44129.81
2014,85,3.7,115416,36020.62
2014,69,7.6,93481,35703.35
2014,67,5.9,68788,40338.23
2014,88,6.8,83603,38006.33
2014,81,6.9,86677,38407.55
2014,81,6.5,66129,42239.57
2014,96,3.4,61653,42599.02
2014,88,3.5,54112,35944.88
2014,73,5.2,54023,46181.56
2014,72,6.2,45188,37807.92
2014,78,5.7,55151,50359.57
2014,69,4.4,53493,36163.17
2014,74,5.8,102237,53387.75
2014,70,4.8,62873,44719.48
2014,76,9.1,79200,39857.07
2014,74,3.7,49694,43546.47
2014,91,7.6,80931,44894.42
2014,98,5.9,105336,35343.05
2014,89,6.8,105814,54068.76
2014,77,6.9,71189,42396.39
2014,92,8.2,110889,53322.73
2014,81,6.4,71176,52026.29
2014,82,8.9,46370,54003.02
2014,71,6.7,85341,45442.3
2014,71,9.4,90039,35884.94
2014,86,8.5,84392,52265.18
2014,67,9.2,65137,38001.29
2014,87,6.4,110905,41879.81
2014,81,7.6,114904,48800.21
2014,86,8.4,77231,35424.1
2014,66,6.9,51935,49578.83
2014,95,6.8,62929,44997.28
2014,86,4.9,115060,45176.67
2014,90,8.2,57862,42176.12
2014,78,7.8,99105,37687.85
2014,69,4.8,88701,45571.75
2014,83,7.6,97670,37947.87
2014,66,9.1,117570,35203.23
2014,79,6.8,63546,53583.43
2014,91,6.7,50046,50366.87
2014,92,8.2,52197,52396.66
2014,66,6.4,58228,52412.66
2014,76,8.9,118140,37571.03
2013,88,6.7,93020,41534.5
2013,83,9.4,62306,48662.35
2013,92,8.5,57249,37062.49
2013,65,9.2,65507,37514.33
2013,71,6.4,49707,45019.38
2013,82,7.6,56375,54231.37
2013,87,8.4,55756,48921.21
2013,82,6.9,106555,53983.66
2013,90,6.8,58555,48856.95
2013,74,4.9,83622,37850.8
2013,96,8.2,102677,50915.38
2013,74,7.8,69227,39342.28
2013,85,4.8,50932,36461.35
2013,90,7.6,73139,54284.36
2013,88,9.1,55805,50064.44
2013,79,6.8,98330,51031.49
2013,97,6.7,105640,49394.43
2013,84,8.3,109004,53654.66
2013,92,6.5,88363,38919.94
2013,91,3.4,61335,49784.57
2013,74,3.5,108227,48775.54
2013,66,5.2,49461,38957.04
2013,87,6.2,60320,46965.35
2013,82,5.7,63409,39370.57
2013,77,4.4,60631,44502.89
2013,67,5.8,88871,52602.89
2013,65,4.8,45765,37286.21
2013,68,9.1,85177,46348.03
2013,94,3.7,71408,41726.77
2013,93,7.6,74698,45694.72
2013,69,5.9,57428,39345.4
2013,99,6.8,70086,39256.9
2013,87,6.9,78354,49884.66
2013,70,6.5,95080,35640.75
2013,81,3.4,80405,48593.2
2013,66,3.5,69899,46690.76
2013,98,5.2,103203,36713.21
2013,97,6.2,73205,53114.44
2013,67,5.7,66188,44743.81
2013,81,4.4,72240,38344.29
2013,91,5.8,88874,52512.74
2013,95,4.8,109847,43398.1
2013,99,9.1,117211,45073.55
2013,66,3.7,102698,45261.4
2013,91,7.6,107018,38538.05
2013,77,5.9,52605,41298.63
2013,85,6.8,71758,46521.39
2013,67,6.9,106394,39501.23
2013,69,6.5,104389,48680.82
2013,74,3.4,74254,52435.96
2013,94,3.5,69281,42547.37
2013,74,5.2,104511,51354.96
2013,87,6.2,114372,48908.59
2013,78,5.7,45542,37702.77
2013,97,4.4,105638,36598.55
2013,97,5.8,47003,42949.89
2013,75,4.8,48122,35116.21
2013,79,9.1,59974,41802.9
2013,74,3.7,89589,42171.54
2013,83,7.6,72211,35321.55
2013,95,5.9,46620,41456.05
2013,97,6.8,95725,51317.36
2013,66,6.9,105494,52315.1
2013,91,6.5,89747,48094.25
2013,71,3.4,78655,53261.49
2013,78,3.5,61515,36825.58
2013,91,5.2,68819,37453.36
2013,78,6.2,60167,39105.83
2013,81,5.7,117131,46129.96
2013,69,4.4,84417,36158.76
2013,65,5.8,58924,39411.05
2013,94,4.8,79442,46353.49
2013,70,9.1,116709,53024.56
2013,73,3.7,74157,41347.96
2013,85,7.6,54542,50418.22
2013,81,5.9,50637,42834.37
2013,84,6.8,46616,52596.03
2013,83,6.9,49754,45261.52
2013,75,6.5,56323,46697.77
2013,80,3.4,67869,44947.49
2013,69,3.5,104792,48578.96
2013,93,5.2,60750,40863.27
2013,96,6.2,45267,43981.28
2013,67,5.7,103769,54005.65
2013,68,4.4,106918,40521.84
2013,84,5.8,79486,43986.82
2013,97,4.8,115053,45710.7
2013,72,9.1,67784,35263.09
2013,86,3.7,105249,47992.97
2013,81,7.6,115226,43131.6
2013,88,5.9,87680,51542.24
2013,71,6.8,100945,39467.02
2013,66,6.9,67972,35578.5
2013,98,6.5,76791,36937.21
2013,96,3.4,49292,41453.8
2013,76,3.5,79510,50840.69
2013,95,5.2,109083,52481
2013,66,6.2,75916,40731
2013,78,5.7,45586,43910.96
2013,75,4.4,97730,46486.45
2013,93,5.8,81221,36007.08
2013,75,4.8,115410,45047.36
2013,94,9.1,60361,45724.51
2013,76,3.7,67650,42488.37
2013,95,7.6,85623,40720.67
2013,90,5.9,72287,38481.44
2013,81,6.8,59485,43344.48
2013,94,6.9,116849,45827.54
2013,67,6.5,92121,35839.81
2013,78,3.4,92928,52293.52
2013,88,3.5,86063,45215.95
2013,66,5.2,56294,48707.59
2013,93,6.2,115662,36396.14
2013,95,5.7,109205,35959.72
2013,76,4.4,55714,51900.79
2013,86,5.8,58973,38126.91
2013,72,4.8,55561,37003.86
2013,93,9.1,56653,48657.47
2013,93,3.7,73089,40201.16
2013,97,7.6,100305,40781.05
2013,95,5.9,74756,41108
2013,74,6.8,117942,52161.52
2013,67,6.9,72148,39854.65
2013,92,6.5,53638,53033.37
2013,69,3.4,76162,51595.99
2013,92,3.5,73617,44765.8
2013,71,5.2,74947,39219.33
2013,72,6.2,75481,35557.48
2013,78,5.7,105918,50805.57
2013,86,4.4,55562,37236.05
2013,89,5.8,49094,35083.61
2013,86,4.8,47723,43523.08
2013,73,9.1,110117,45970.22
2013,82,3.7,78565,42608.34
2013,73,7.6,84728,49103.4
2013,92,5.9,102029,54889.15
2013,78,6.8,88959,44359.46
2013,71,6.9,80904,38313.66
2013,87,4.4,73377,45691.42
2013,99,5.8,92034,37311.77
2013,69,4.8,55680,51679.77
2013,73,9.1,66554,47029.36
2013,67,3.7,58774,36051.71
2013,75,7.6,65323,40271.27
2013,75,5.9,93117,49774.3
2013,67,6.8,84968,36110.76
2013,95,6.9,102757,39979.33
2013,87,6.5,99964,54512.37
2013,97,3.4,79339,53656.19
2013,75,3.5,72442,48983.13
2013,95,5.2,114898,37817.75
2013,90,6.2,72873,45622.05
2013,66,5.7,100918,41951.83
2013,96,4.4,109866,44274.28
2013,82,5.8,53288,43888.29
2013,70,4.8,63039,43977.34
2013,72,9.1,65165,37342.26
2013,96,3.7,98895,47749.64
2013,94,7.6,84964,50508.7
2013,70,5.9,95366,35743.62
2013,89,6.8,103374,48547.14
2013,85,6.9,65566,48063.36
2013,98,6.5,97601,47046.5
2013,95,3.4,82000,37349.02
2013,91,3.5,65970,44424.21
2013,96,5.2,98414,43119.87
2013,71,6.2,63576,45145.5
2013,95,5.7,47071,37052.19
2013,91,4.4,101123,46587.99
2013,72,5.8,103985,44896.44
2013,99,4.8,78217,52862.54
2013,99,9.1,45962,47388.59
2013,76,3.7,49408,51035.86
2013,66,7.6,106194,45464.19
2013,94,5.9,94994,39598.82
2013,74,6.8,55581,39122.3
2013,78,6.9,112610,53045.24
2013,86,6.5,79037,50578.82
2013,85,3.4,106663,44043.33
2013,74,3.5,51316,39445.44
2013,98,5.2,98855,35661.01
2013,79,6.2,91820,54398.49
2013,83,5.7,102668,44329.51
2013,69,4.4,72599,35090.72
2013,90,5.8,74641,46851.91
2013,69,4.8,108512,54453.13
2013,73,9.1,47423,41331.76
2013,96,3.7,116740,47066.83
2013,74,7.6,106462,48718.55
2013,71,5.9,45636,46818.77
2013,81,6.8,47556,41269.64
2013,73,6.9,49858,37793.96
2013,93,6.5,79065,50432.41
2013,68,3.4,101168,47305.01
2013,95,3.5,99284,41767.36
2013,74,5.2,77865,44115.14
2013,88,6.2,90127,52685.51
2013,69,5.7,110715,46228.66
2013,81,4.4,89879,53668.69
2013,94,5.8,87019,39681.4
2013,66,4.8,60447,45842.12
2013,79,9.1,64928,44618.84
2013,79,3.7,89021,50568.53
2013,82,7.6,92907,40978.78
2013,96,5.9,80283,35171.9
2013,66,6.8,57301,36682.78
2013,91,6.9,100092,52544.07
2013,84,6.5,100509,42537.55
2013,78,3.4,49181,43969.31
2013,82,3.5,58607,41285.71
2013,67,5.2,114761,54665.03
2013,71,6.2,77346,38428.98
2013,83,5.7,88655,46866.34
2013,70,4.4,67063,48651.57
2013,98,5.8,102339,54318.31
2013,89,4.8,91099,48806.22
2013,70,9.1,96528,42458.45
2013,97,3.7,64020,49456.63
2013,71,7.6,55704,35924.44
2013,98,5.9,83412,44049.92
2013,88,6.8,61452,43047.52
2013,65,6.9,93185,45048.26
2013,89,6.5,98410,49004.93
2013,84,3.4,80212,37721.03
2013,66,3.5,78282,53958.54
2013,96,5.2,72671,44880.78
2013,70,6.2,60732,44489.49
2013,96,5.7,65177,47499.47
2013,73,4.4,76028,40854.16
2013,67,5.8,107653,38865.55
2013,73,4.8,87946,45106.11
2013,91,9.1,63475,37151.45
2013,83,3.7,91680,47956.72
2013,75,7.6,75025,41272.27
2013,81,5.9,61266,51271.45
2013,69,6.8,87867,41054.86
2013,69,6.9,69190,41977.69
2013,76,6.5,107929,47842.11
2013,71,3.4,77606,46464.11
2013,84,3.5,95569,40542.5
2013,74,5.2,102924,44096.89
2013,68,6.2,119329,45402.01
2013,72,5.7,110853,41813.28
2013,77,4.4,52399,35564.35
2013,77,5.8,50304,38426.45
2013,82,4.8,89650,40691.42
2013,90,9.1,112445,52143.9
2013,73,3.7,106626,35053.28
2013,72,7.6,59623,48467.59
2013,72,5.9,55504,50193.3
2013,92,6.8,103643,50347.72
2013,86,6.9,97056,37329.44
2013,88,6.5,65120,45220.69
2013,79,3.4,103077,50302.64
2013,69,3.5,118915,48996.24
2013,95,5.2,114819,46673.17
2013,93,6.2,114936,48504.58
2013,83,5.7,92561,42916.01
2013,66,4.4,103624,36920.02
2013,72,5.8,86264,37873.13
2013,74,4.8,71776,43769.48
2013,65,9.1,91542,36592.09
2013,89,3.7,50855,38308.6
2013,85,7.6,47465,43366.79
2013,91,5.9,99977,50115.6
2013,91,6.8,49439,53658.94
2013,85,6.9,83672,47436.97
2013,95,6.5,109311,48027.85
2013,89,3.4,48606,37753.08
2013,80,3.5,117866,42275.14
2013,86,5.2,74873,47506.52
2013,68,6.2,68720,38958.03
2013,84,5.7,81922,49522.66
2013,69,4.4,110008,48385.43
2013,92,5.8,62968,49691.71
2013,90,4.8,85761,45761
2013,85,9.1,64556,51757.11
2013,97,3.7,83665,49155.38
2013,97,7.6,64749,53490.42
2013,77,5.9,78391,41601.72
2013,80,6.8,80454,46682.7
2013,97,6.9,83674,41234.23
2013,74,6.5,46770,40694.64
2013,69,3.4,87442,52758.8
2013,74,3.5,88219,40988.75
2013,70,5.2,91716,44634.47
2013,97,6.2,104767,45665.33
2013,90,5.7,65399,37171.04
2013,83,4.4,48057,37249.9
2013,74,5.8,56799,41205.74
2013,94,4.8,45205,40208.44
2013,83,9.1,60217,40407.58
2013,69,3.7,82178,39958.92
2013,66,7.6,61942,38324.94
2013,89,5.9,105120,48678.22
2013,68,6.8,54536,52286.26
2013,90,6.9,100867,38187.93
2013,88,6.5,78659,38775.57
2013,85,3.4,101384,35166.59
2013,96,3.5,75618,51787.31
2013,98,5.2,76837,38207.47
2013,96,6.2,86760,42818.93
2012,95,5.7,81011,45137.19
2012,95,4.4,85032,40457.27
2012,93,5.8,114504,43136.86
2012,66,4.8,58209,49037.36
2012,90,9.1,85885,35077.09
2012,65,3.7,106431,40498.33
2012,77,7.6,81433,38189.52
2012,95,5.9,72769,39893.74
2012,69,6.8,102659,44043.15
2012,91,6.9,95532,43156.89
2012,65,4.4,83005,46934.97
2012,88,5.8,85002,38907.46
2012,85,4.8,55463,36815.42
2012,73,9.1,76974,39920.16
2012,89,3.7,72042,50105.79
2012,76,7.6,114106,47984.76
2012,83,5.9,88701,46766.52
2012,97,6.8,89175,36081.33
2012,66,6.9,72343,37113.8
2012,78,6.5,53356,51100.08
2012,84,3.4,97023,38087.89
2012,90,3.5,53155,54815.02
2012,88,5.2,51921,50491.18
2012,95,6.2,64398,40768.31
2012,86,5.7,61651,39993.88
2012,96,4.4,75661,39771.38
2012,67,5.8,48512,42755.95
2012,71,4.8,62585,36273.09
2012,73,9.1,61271,50447.99
2012,77,3.7,93349,48111.52
2012,67,7.6,91564,52428.61
2012,82,5.9,99997,43029.08
2012,85,6.8,45873,39526.89
2012,85,6.9,73395,40415.96
2012,67,6.5,62531,42989.23
2012,79,3.4,108788,37016.5
2012,83,3.5,90590,51843.08
2012,79,5.2,111855,46979.97
2012,72,6.2,54880,40923.38
2012,84,5.7,119633,48943.76
2012,90,4.4,90760,42710.6
2012,93,5.8,67606,44800.3
2012,94,4.8,109863,40553.73
2012,91,9.1,82206,38660.6
2012,67,3.7,108658,36340.61
2012,76,7.6,117055,50676.93
2012,66,5.9,91287,41798.85
2012,87,6.8,49356,52474.65
2012,97,6.9,105629,46068.89
2012,79,6.5,61202,49370.07
2012,94,3.4,75202,41956.45
2012,75,3.5,67499,35380.3
2012,76,5.2,95561,52426.55
2012,91,6.2,109568,45660.16
2012,77,5.7,70892,38750.25
2012,69,4.4,115069,38885.09
2012,94,5.8,45361,44829.68
2012,85,4.8,46790,42934.98
2012,95,9.1,81999,45194.97
2012,67,3.7,86086,45677.86
2012,78,7.6,60254,35879.27
2012,91,5.9,54903,39316.4
2012,79,6.8,101691,39704.8
2012,84,6.9,56583,45962.22
2012,79,6.5,113243,37598.55
2012,93,3.4,92913,49800.71
2012,85,3.5,95758,36763.74
2012,67,5.2,45472,43448.24
2012,96,6.2,46676,51230.04
2012,99,5.7,60818,47826.51
2012,85,4.4,53398,40608.97
2012,91,5.8,67927,45297.17
2012,76,4.8,106485,52826.03
2012,69,9.1,45028,49089.15
2012,98,3.7,75296,51521.15
2012,87,7.6,54707,35837.26
2012,93,5.9,94774,52343.78
2012,73,6.8,89342,40958.42
2012,73,6.9,106023,43051.05
2012,97,6.5,107286,46301.16
2012,73,3.4,106106,44049.13
2012,75,3.5,119142,54788.93
2012,80,5.2,110187,42579.98
2012,90,6.2,49740,35519.29
2012,88,5.7,114120,46484.92
2012,75,4.4,87273,42923.98
2012,67,5.8,60496,54715.75
2012,87,4.8,74481,36984.83
2012,85,9.1,90365,53866.83
2012,76,3.7,109684,35836.66
2012,79,7.6,110242,52884.68
2012,65,5.9,95984,42322.14
2012,87,6.8,79033,43088.07
2012,72,6.9,57054,50467.63
2012,89,6.5,100634,43979.13
2012,91,3.4,81730,44612.19
2012,66,3.5,94222,40685.78
2012,92,5.2,59330,41311.88
2012,99,6.2,49227,35752.6
2012,82,5.7,99900,52232.42
2012,81,4.4,81027,44289.91
2012,85,5.8,89824,42891.11
2012,81,4.8,109224,36809.71
2012,74,9.1,110895,47970.89
2012,82,3.7,56208,35597.28
2012,98,7.6,76454,48981.68
2012,93,5.9,69311,46045.37
2012,97,6.8,103876,50477.66
2012,81,6.9,112524,43834.94
2012,76,6.5,118808,44520.58
2012,95,3.4,70934,40360.06
2012,80,3.5,67509,46544.77
2012,86,5.2,49949,35806.01
2012,83,6.2,111888,36277.78
2012,70,5.7,116727,46247.79
2012,70,4.4,72340,40192.05
2012,84,5.8,54709,35413.25
2012,82,4.8,49737,50512.23
2012,87,9.1,96468,40903.57
2012,98,3.7,93640,44891.41
2012,69,7.6,75060,39647.52
2012,94,5.9,83363,43171.93
2012,74,6.8,52134,47824
2012,83,6.9,80687,48539.93
2012,86,6.5,111453,37994.13
2012,68,3.4,51996,45099.02
2012,74,3.5,96891,51453.91
2012,80,5.2,80725,42363.38
2012,80,6.2,108834,54983.22
2012,95,5.7,117347,47579.25
2012,66,4.4,108290,54098.58
2012,82,5.8,107331,51395.62
2012,87,4.8,48057,46527.4
2012,78,9.1,104301,44295.99
2012,73,3.7,60045,47652.2
2012,94,7.6,91340,50880.98
2012,86,5.9,77843,39119.26
2012,92,6.8,118192,51673.25
2012,72,6.9,56141,47593.57
2012,69,6.5,105820,48265.19
2012,84,3.4,48876,36217.68
2012,68,3.5,69608,35707.58
2012,65,5.2,75479,39582.2
2012,75,6.2,104283,54771.05
2012,73,5.7,65433,54894.88
2012,77,4.4,47330,44881.08
2012,81,5.8,119576,49171.15
2012,67,4.8,53479,54843.19
2012,92,9.1,82381,42176.97
2012,82,3.7,119220,42053.22
2012,89,7.6,105755,54648.21
2012,89,5.9,114768,47295.26
2012,94,6.8,98712,45253.17
2012,82,6.9,59511,46015.92
2012,97,6.5,89757,54901.05
2012,67,3.4,113027,38825.82
2012,72,3.5,103672,38785.63
2012,93,5.2,67449,36716.68
2012,78,6.2,114757,47077.3
2012,93,5.7,111827,35773.84
2012,79,4.4,50508,40817.9
2012,65,5.8,51171,39274.38
2012,67,4.8,68234,48021.52
2012,76,9.1,67097,52080.73
2012,76,3.7,63771,52682.74
2012,79,7.6,108425,45301.46
2012,90,5.9,87052,40688.17
2012,74,6.8,88591,48707.47
2012,86,6.9,47618,45480.58
2012,77,6.5,45076,48685.55
2012,99,3.4,70716,50050.08
2012,87,3.5,86078,37132.64
2012,98,5.2,115212,36629.75
2012,99,6.2,54979,36708.05
2012,74,5.7,87819,44719.63
2012,88,4.4,80549,38812.47
2012,95,5.8,78524,49722.82
2012,70,4.8,65059,48301.09
2012,99,9.1,46316,48796.48
2012,85,3.7,89791,43078.93
2012,95,7.6,75516,39117.81
2012,83,5.9,74945,47056.22
2012,86,6.8,71734,45745.26
2012,68,6.9,62121,52412.06
2012,66,4.4,47942,48726.51
2012,65,5.8,78749,43227.5
2012,76,4.8,54982,45619.56
2012,95,9.1,73885,45020.27
2012,91,3.7,73912,43384.64
2012,95,7.6,76326,39807.77
2012,75,5.9,117388,36389.26
2012,91,6.8,76193,35061.96
2012,74,6.9,101363,46347.45
2012,79,6.5,55462,38902.8
2012,77,3.4,72633,54517.57
2012,67,3.5,118545,53228.66
2012,90,5.2,71748,36275.27
2012,82,6.2,103462,50535.66
2012,94,5.7,50295,39590.51
2012,75,4.4,102801,45959.95
2012,78,5.8,111683,46162.7
2012,72,4.8,99429,48082.25
2012,83,9.1,112886,54006.16
2012,89,3.7,58259,49965.66
2012,79,7.6,63676,41872.72
2012,69,5.9,74123,36089.39
2012,71,6.8,117656,40222.33
2012,74,6.9,58964,42617.18
2012,98,6.5,102162,43879.98
2012,74,3.4,68736,53184.21
2012,79,3.5,92809,51563.24
2012,73,5.2,84702,46905.76
2012,73,6.2,94150,45817.33
2012,78,5.7,80128,51663.1
2012,98,4.4,103561,48774.31
2012,95,5.8,85848,36895.66
2012,83,4.8,56095,41078.4
2012,66,9.1,110347,42444.34
2012,71,3.7,102315,35139.52
2012,68,7.6,115315,42924.32
2012,96,5.9,62583,46090.31
2012,93,6.8,53768,35234.1
2012,67,6.9,47616,48495.3
2012,74,6.5,47818,45230.75
2012,69,3.4,109568,46411.07
2012,95,3.5,62386,44688.67
2012,94,5.2,90883,54503.63
2012,98,6.2,107315,35567.11
2012,98,5.7,101765,44477.94
2012,79,4.4,48016,36736.68
2012,79,5.8,116567,39544.41
2012,84,4.8,75168,51939.72
2012,88,9.1,69135,53323.4
2012,79,3.7,96776,53700.03
2012,86,7.6,48809,42908.75
2012,89,5.9,90720,40118.02
2012,84,6.8,50261,39155.26
2012,74,6.9,61227,43235.12
2012,71,6.5,61040,44754.2
2012,95,3.4,81534,50938.88
2012,92,3.5,80391,36643.55
2012,94,5.2,79536,51536.14
2012,69,6.2,73936,42720.78
2012,89,5.7,58806,44478.76
2012,95,4.4,89397,36720.48
2012,75,5.8,98381,50162.52
2012,68,4.8,94735,36713.5
2012,70,9.1,95612,54945.77
2012,75,3.7,102500,49328.81
2012,99,7.6,64717,51569.2
2012,65,5.9,115314,46775.39
2012,84,6.8,118262,52158.08
2012,98,6.9,56635,42012.65
2012,72,6.5,91564,50598.67
2012,68,3.4,67121,53863.62
2012,96,3.5,54906,47394.42
2012,80,5.2,62529,38993.94
2012,72,6.2,91442,51942.96
2012,76,5.7,56346,53606.49
2012,82,4.4,59658,44034.58
2012,71,5.8,93451,43665.99
2012,73,4.8,60220,47804.85
2012,86,9.1,99504,50186.58
2012,65,3.7,98834,35493.46
2012,88,7.6,111330,53281.17
2012,92,5.9,58414,45756.39
2012,75,6.8,88108,37318.59
2012,71,6.9,91108,44488.4
2012,91,6.5,63933,38238.36
2012,92,3.4,102381,48555.33
2012,78,3.5,47438,46019.75
2012,79,5.2,71916,46034.43
2012,82,6.2,98662,50510.92
2012,86,5.7,48414,37567.32
2012,83,4.4,68642,45009.57
2012,94,5.8,92400,45571.5
2012,89,4.8,70528,45864.19
2012,68,9.1,116404,43526.02
2012,95,3.7,74106,38863.11
2012,71,7.6,103372,39052.53
2012,67,5.9,84306,46284.18
2012,91,6.8,73503,45592.54
2012,72,6.9,96692,40073.46
2012,89,6.5,80164,35607.35
2012,66,3.4,117141,53264.18
2012,78,3.5,109694,38731.98
2012,77,5.2,119841,38754.99
2012,66,6.2,82920,35772.86
2012,69,5.7,62134,53509.87
2012,71,4.4,95035,50957.3
2012,93,5.8,88554,50351.9
2012,93,4.8,96594,40644.83
2012,76,9.1,54173,36303.89
2012,73,3.7,78381,48889.13
2012,67,7.6,81430,36134.96
2012,82,5.9,97185,48751.21
2012,97,6.8,86047,48814.86
2012,99,6.9,98996,51696.27
2012,72,6.5,112258,48479.43
2012,76,3.4,66158,36206.1
2012,74,3.5,73307,46900.7
2012,79,5.2,70706,48292.54
2012,80,6.2,109661,52772.64
2012,65,5.7,59479,47914.36
2012,73,4.4,74656,39182.47
2012,80,5.8,58996,51595.37
2012,83,4.8,111007,35404.2
2012,78,9.1,116742,44822.69
2012,89,3.7,78691,51364.71
2012,76,7.6,46503,40867.37
2012,67,5.9,114646,45611.63
2012,94,6.8,76427,54643.52
2012,81,6.9,80034,42775.39
2012,72,6.5,109323,50884.31
2012,84,3.4,61265,46072.24
2012,68,3.5,94705,52027.35
2012,67,5.2,52609,38382.91
2012,68,6.2,107659,53094.44
2012,93,5.7,62078,46395.81
2012,89,4.4,90306,54477.18
2012,76,5.8,63803,35819.26
2012,88,4.8,103877,37728.86
2012,88,9.1,101557,51811.19
2012,76,3.7,94241,50038.28
2012,98,7.6,83400,37210.18
2012,85,5.9,70389,54515.52
2012,84,6.8,58526,35790.82
2012,93,6.9,109935,51671.99
2012,74,6.5,46010,37722.4
2012,86,3.4,119361,39696.7
2012,75,3.5,85227,45132.82
2012,92,5.2,109960,53004.13
2012,95,6.2,96452,53579.06
2012,83,5.7,90585,43079.73
2012,92,4.4,79339,35001.12
2012,75,5.8,90565,35220.31
2012,92,4.8,101455,54546.81
2012,74,9.1,59893,50688.02
2012,70,3.7,79289,48853.76
2012,67,7.6,72489,36677.05
2012,76,5.9,79181,52585.75
2011,78,6.8,57765,48543.99
2011,93,6.9,109108,37425.32
2011,83,6.5,104771,51207.79
2011,76,3.4,50760,50527.93
2011,95,3.5,64464,54171.4
2011,95,5.2,69199,35059.7
2011,93,6.2,45899,46559.05
2011,70,5.7,49216,49462.94
2011,89,4.4,48000,44811.03
2011,74,5.8,76309,46461.15
2011,84,4.8,102511,44736.63
2011,98,9.1,55652,42567
2011,84,3.7,112164,46521.85
2011,78,7.6,61236,43677.86
2011,84,5.9,88258,42404.79
2011,93,6.8,75688,52588.83
2011,70,6.9,63271,53347.72
2011,75,4.4,46987,38732.82
2011,76,5.8,70390,54866.87
2011,75,4.8,61067,44941.85
2011,72,9.1,88517,47705.39
2011,91,3.7,60853,45572.89
2011,94,7.6,102873,53610.46
2011,77,5.9,112722,49183.18
2011,69,6.8,101813,43247.12
2011,98,6.9,99185,36426.04
2011,82,6.5,113707,41010.92
2011,71,3.4,46760,45536.04
2011,68,3.5,49620,52968.26
2011,70,5.2,83557,40789.63
2011,94,6.2,72658,46274.18
2011,87,5.7,67915,53304.84
2011,90,4.4,55967,48249.08
2011,87,5.8,92267,39111.65
2011,89,4.8,76834,50094.28
2011,97,9.1,59647,45994.21
2011,89,3.7,56556,40332.03
2011,98,7.6,80572,52664.26
2011,81,5.9,72907,35057.56
2011,81,6.8,94319,38036.27
2011,98,6.9,113707,47293.85
2011,93,6.5,81338,45034.78
2011,91,3.4,111944,39641.93
2011,73,3.5,83756,46714.34
2011,83,5.2,63051,43139.07
2011,87,6.2,97205,49589.13
2011,73,5.7,53910,44359.98
2011,79,4.4,61542,51281.42
2011,82,5.8,78824,54329.86
2011,85,4.8,82505,47978.41
2011,99,9.1,54108,42168.8
2011,65,3.7,62826,43949.64
2011,73,7.6,105514,38195.54
2011,81,5.9,114944,39537.9
2011,76,6.8,51194,49395.63
2011,99,6.9,49399,53935.46
2011,74,6.5,101022,52777.4
2011,99,3.4,90785,47139.84
2011,91,3.5,107136,40014.58
2011,68,5.2,110654,36612.29
2011,76,6.2,49925,37449.67
2011,96,5.7,63892,43643.27
2011,67,4.4,104474,50427.37
2011,68,5.8,55594,53071.37
2011,69,4.8,57688,51393.64
2011,93,9.1,57776,50896.73
2011,93,3.7,91829,37290.12
2011,79,7.6,114960,38117.07
2011,95,5.9,117030,45014.49
2011,72,6.8,78750,41762.24
2011,79,6.9,106785,45198.35
2011,91,4.4,52957,48158.65
2011,81,5.8,69200,39989.07
2011,78,4.8,57141,53849.1
2011,90,9.1,102359,54688.92
2011,92,3.7,98047,45202.94
2011,83,7.6,59904,46282.62
2011,80,5.9,106553,50040.1
2011,86,6.8,48399,43856.41
2011,76,6.9,108995,54563.88
2011,67,6.5,113288,47739.17
2011,81,3.4,65680,46841.76
2011,66,3.5,93853,36328.98
2011,89,5.2,50924,49343.45
2011,65,6.2,93203,42275.8
2011,76,5.7,68151,44398.92
2011,90,4.4,111887,46088.34
2011,75,5.8,115097,49381.85
2011,81,4.8,89751,45365.4
2011,86,9.1,116626,37812.27
2011,84,3.7,66288,35775.58
2011,99,7.6,63183,45493.43
2011,83,5.9,80254,48024.34
2011,94,6.8,118498,36836.48
2011,81,6.9,83399,45827.58
2011,73,6.5,105049,40126.19
2011,76,3.4,101331,53706.6
2011,94,3.5,75958,54786.36
2011,77,5.2,79528,48564.71
2011,83,6.2,95164,37682.79
2011,91,5.7,56637,47262.8
2011,66,4.4,114568,37273.6
2011,93,5.8,53117,41624.02
2011,92,4.8,64472,36287.82
2011,87,9.1,80876,47284.69
2011,94,3.7,61258,48132.82
2011,68,7.6,47893,48747.86
2011,67,5.9,56743,50751.03
2011,73,6.8,73662,51673.11
2011,94,6.9,93824,36449.97
2011,78,6.5,106836,45793.92
2011,67,3.4,77309,45449.53
2011,90,3.5,56583,41446.22
2011,86,5.2,52723,46897.12
2011,66,6.2,91716,46054.39
2011,90,5.7,94588,48705.4
2011,98,4.4,84092,41793.29
2011,82,5.8,55883,54394.37
2011,75,4.8,116351,44276.1
2011,76,9.1,117502,46574.83
2011,86,3.7,106052,52351.7
2011,97,7.6,113207,47225.38
2011,75,5.9,101644,52782.55
2011,88,6.8,85328,54753.92
2011,69,6.9,49097,44023.13
2011,88,6.5,97530,44833.54
2011,71,3.4,55714,48121.77
2011,94,3.5,54443,41894.27
2011,69,5.2,84222,41955.65
2011,67,6.2,45260,45636.27
2011,94,5.7,54742,50940.78
2011,97,4.4,95880,37349.12
2011,82,5.8,117427,41949.85
2011,85,4.8,45919,38318.94
2011,76,9.1,116064,46161.69
2011,66,3.7,66726,51184.46
2011,68,7.6,51248,45404.98
2011,67,5.9,112433,49767.23
2011,90,6.8,88219,48711.34
2011,98,6.9,65336,54201.95
2011,69,6.5,77268,54568.57
2011,76,3.4,57337,46108.96
2011,99,3.5,78753,41689.43
2011,98,5.2,116014,36980.65
2011,91,6.2,55113,53383.11
2011,84,5.7,55888,42604.57
2011,93,4.4,59149,40721.55
2011,77,5.8,47580,37860.7
2011,96,4.8,74389,36177.33
2011,93,9.1,92737,51313.51
2011,84,3.7,79694,43278.36
2011,69,7.6,79012,41021.63
2011,72,5.9,62168,41702.95
2011,84,6.8,103271,51402
2011,95,6.9,85823,49713.73
2011,88,6.5,69021,54530.11
2011,73,3.4,119991,44063.8
2011,96,3.5,82697,47649.28
2011,95,5.2,84387,49776.65
2011,77,6.2,74266,47668.49
2011,76,5.7,108867,44138.92
2011,96,4.4,97615,35321.52
2011,95,5.8,47379,48570.87
2011,95,4.8,90386,48606.27
2011,88,9.1,86511,49678.19
2011,69,3.7,45534,54597.41
2011,80,7.6,50841,49276.39
2011,74,5.9,69933,48129.63
2011,94,6.8,70690,43337.47
2011,89,6.9,77426,48484.41
2011,67,6.5,85104,51374.46
2011,69,3.4,110349,46058.14
2011,85,3.5,81568,41564.71
2011,82,5.2,53934,41178.95
2011,89,6.2,107047,50674.86
2011,99,5.7,55561,38709.56
2011,93,4.4,53052,47545.8
2011,99,5.8,92870,48458.26
2011,89,4.8,113150,53021.85
2011,97,9.1,51360,49918.98
2011,77,3.7,64443,43035.59
2011,93,7.6,97365,38696.37
2011,69,5.9,65472,39464.02
2011,75,6.8,99885,35453.91
2011,93,6.9,112896,51419.22
2011,84,4.4,60134,53933.55
2011,97,5.8,72886,45167.23
2011,89,4.8,115900,43077.76
2011,66,9.1,56305,47718.24
2011,90,3.7,92264,52943.62
2011,92,7.6,94015,36977.42
2011,82,5.9,96842,48418.19
2011,79,6.8,100881,36588.5
2011,65,6.9,108554,35087.91
2011,89,6.5,108239,51910.29
2011,99,3.4,71635,44616.3
2011,78,3.5,97954,51320.43
2011,92,5.2,60537,44956.7
2011,92,6.2,92571,42089.12
2011,80,5.7,86235,51627.77
2011,97,4.4,85985,44953.98
2011,69,5.8,93756,41279.1
2011,83,4.8,93490,36093.7
2011,99,9.1,48999,53708.36
2011,69,3.7,95557,42509.74
2011,81,7.6,67451,40122.61
2011,98,5.9,113871,54795.02
2011,72,6.8,71008,47086.54
2011,98,6.9,71106,46751.8
2011,65,6.5,102158,43240.81
2011,94,3.4,50374,38294.8
2011,97,3.5,119195,50180.87
2011,90,5.2,50379,36031.99
2011,91,6.2,60047,43690.03
2011,84,5.7,110134,41271.09
2011,97,4.4,84669,35395.08
2011,92,5.8,64638,49476.64
2011,97,4.8,49604,41536.79
2011,76,9.1,103822,45804.08
2011,72,3.7,69368,50708.61
2011,89,7.6,77176,45858.72
2011,95,5.9,58032,54141.6
2011,75,6.8,111972,37215.46
2011,73,6.9,116666,51976.35
2011,78,6.5,59179,40388.1
2011,97,3.4,98141,50615.93
2011,88,3.5,71166,35478.16
2011,70,5.2,46924,46130.28
2011,71,6.2,119910,54612.09
2011,65,5.7,99192,40410.4
2011,95,4.4,81680,39422.29
2011,73,5.8,93982,38411.6
2011,97,4.8,71983,54996.85
2011,87,9.1,50819,41388.39
2011,97,3.7,46985,54936.82
2011,73,7.6,52595,39154.02
2011,88,5.9,104064,49488.4
2011,99,6.8,64088,50616.34
2011,77,6.9,119683,52472.47
2011,72,6.5,118224,45394.25
2011,89,3.4,98855,43835.07
2011,73,3.5,83080,49343.4
2011,89,5.2,75717,39325.98
2011,93,6.2,56388,43437.27
2011,70,5.7,110718,45080.17
2011,90,4.4,45103,52982.49
2011,94,5.8,55606,47879.07
2011,95,4.8,78409,49156.3
2011,88,9.1,72722,47950.34
2011,65,3.7,106390,37354.41
2011,77,7.6,111973,52517.97
2011,83,5.9,51336,42110.68
2011,95,6.8,64494,43727.62
2011,86,6.9,54959,52437.54
2011,72,6.5,58374,42775.75
2011,86,3.4,78939,46023.33
2011,76,3.5,54867,46894.51
2011,68,5.2,77380,50462.22
2011,87,6.2,59581,40240.37
2011,84,5.7,55631,45441.3
2011,65,4.4,108054,43796.72
2011,98,5.8,97967,39543.43
2011,77,4.8,71379,37958.66
2011,75,9.1,113996,53866.81
2011,97,3.7,108741,53872.35
2011,92,7.6,79399,35872.37
2011,83,5.9,115662,36670.45
2011,77,6.8,108035,43982.9
2011,68,6.9,67663,51189.74
2011,76,6.5,118769,41752.91
2011,71,3.4,57145,42417.79
2011,84,3.5,111376,42688.75
2011,93,5.2,70998,38733.84
2011,97,6.2,50711,42219.89
2011,69,5.7,85412,47768.07
2011,81,4.4,91651,48361.67
2011,72,5.8,100307,52144.4
2011,83,4.8,89163,50171.67
2011,71,9.1,96449,47062.21
2011,98,3.7,86022,41982.3
2011,96,7.6,88106,39105.08
2011,67,5.9,97259,42477.31
2011,66,6.8,71638,50490.04
2011,89,6.9,110720,41975.11
2011,95,6.5,51881,49864.41
2011,71,3.4,69999,53984.05
2011,66,3.5,116972,45341.57
2011,82,5.2,71290,35312.88
2011,94,6.2,71818,40337.5
2011,82,5.7,89349,39812.12
2011,67,4.4,74572,47296.07
2011,92,5.8,101439,41548.27
2011,73,4.8,102695,43377.83
2011,80,9.1,93821,54187.51
2011,78,3.7,76408,50403.62
2011,91,7.6,68479,38772.39
2011,95,5.9,112229,38258.44
2011,72,6.8,83117,40723.38
2011,95,6.9,116902,54845.61
2011,78,6.5,112033,38672.7
2011,81,3.4,112377,49945.96
2011,76,3.5,83381,40006.49
2011,98,5.2,96638,35615.07
2011,97,6.2,97488,46845.49
2011,65,5.7,72228,49419.84
2011,79,4.4,114699,49216.41
2011,72,5.8,50047,52660.68
2011,65,4.8,75786,44391.72
2011,89,9.1,104759,40278.2
2011,78,3.7,69795,36778.57
2011,68,7.6,105416,44288.31
2011,90,5.9,58547,41876.49
2011,97,6.8,90707,38868.31
2011,84,6.9,93627,37793.62
2011,92,6.5,97077,50528.95
2011,83,3.4,57774,49305.47
2011,77,3.5,56354,51964.78
2011,73,5.2,109832,43955.24
2011,74,6.2,53702,35109.74
2011,73,5.7,83367,45463.89
2011,77,4.4,54160,45372.19
2011,82,5.8,90638,51484.94
2011,67,4.8,78596,37037.6
2011,79,9.1,54117,40161.78
2011,65,3.7,51307,43448
2011,91,7.6,81369,40971.38
2011,68,5.9,76362,50946.1
2010,89,6.8,85928,42681.86
2010,67,6.9,81519,38030.14
2010,70,6.5,91352,50987.48
2010,69,3.4,86720,54852.87
2010,73,3.5,100532,47294.72
2010,70,5.2,98848,54749.05
2010,67,6.2,56153,38293.2
2010,74,5.7,107675,44680.24
2010,83,4.4,92114,52082.28
2010,79,5.8,88990,36257.26
2010,90,4.8,114355,41142.16
2010,95,9.1,109989,48162.1
2010,92,3.7,55622,38579.55
2010,96,7.6,101839,44560.8
2010,87,5.9,111661,48146.17
2010,95,6.8,108865,47601.68
2010,72,6.9,87627,53245.72
2010,90,6.5,68081,50695.61
2010,84,3.4,72901,47751.01
2010,75,3.5,82717,52310.01
2010,77,5.2,107009,35859.75
2010,89,6.2,94109,43216.77
2010,82,5.7,71097,54625.87
2010,81,4.4,105543,39153.63
2010,71,5.8,103903,38779.09
2010,73,4.8,63150,42073.04
2010,96,9.1,58049,46506.46
2010,86,3.7,109266,52967.9
2010,90,7.6,84933,38400.18
2010,69,5.9,84736,52468.76
2010,83,6.8,70971,49355.79
2010,67,6.9,76363,50337.91
2010,66,4.4,113678,43663.38
2010,97,5.8,106821,49314.51
2010,85,4.8,67315,49371.3
2010,73,9.1,78623,46828.21
2010,94,3.7,86040,35040.79
2010,96,7.6,81274,41789.09
2010,85,5.9,110324,49327.47
2010,86,6.8,99592,47268.75
2010,76,6.9,91235,45101.59
2010,86,6.5,75233,53628.43
2010,96,3.4,66307,44399.61
2010,82,3.5,77536,51912.23
2010,94,5.2,49744,37287.5
2010,72,6.2,91174,46667.14
2010,96,5.7,73218,38261.39
2010,85,4.4,67619,46129.71
2010,99,5.8,102514,46726.44
2010,83,4.8,59521,41857.62
2010,93,9.1,51089,40375.42
2010,93,3.7,103364,39009.6
2010,92,7.6,87690,50160.11
2010,80,5.9,89298,47458.4
2010,85,6.8,77354,54261.12
2010,76,6.9,61777,39159.88
2010,76,6.5,66104,49541.05
2010,89,3.4,52502,35269.15
2010,83,3.5,113442,41412.57
2010,94,5.2,108500,52201.39
2010,88,6.2,49530,41117.36
2010,88,5.7,67349,35800.85
2010,76,4.4,67930,49888.24
2010,86,5.8,67770,37870.46
2010,96,4.8,78423,53773.41
2010,79,9.1,61743,53216.93
2010,75,3.7,73823,43846.91
2010,78,7.6,111363,42352.76
2010,90,5.9,77450,52417.44
2010,94,6.8,78164,46923.93
2010,83,6.9,102608,46906.59
2010,82,6.5,112555,53182.94
2010,74,3.4,74714,38794.16
2010,91,3.5,112940,52175.16
2010,99,5.2,53567,54049.8
2010,94,6.2,58837,52861.75
2010,70,5.7,91103,47068.77
2010,65,4.4,99617,53044.63
2010,87,5.8,88982,44958.31
2010,89,4.8,116360,45676.49
2010,86,9.1,85023,40090.27
2010,94,3.7,83727,40721.34
2010,85,7.6,102009,35369.99
2010,89,5.9,76134,48912.33
2010,70,6.8,68371,52461.23
2010,67,6.9,46461,53310.2
2010,88,6.5,116224,46928.28
2010,94,3.4,49905,42642.41
2010,70,3.5,110916,49985.58
2010,89,5.2,83957,49634.34
2010,86,6.2,81918,42965.67
2010,81,5.7,110587,43237.71
2010,79,4.4,51748,52423.98
2010,72,5.8,91399,40718.87
2010,93,4.8,97830,50403.56
2010,85,9.1,55148,45573.42
2010,76,3.7,102909,47506.57
2010,71,7.6,82641,37093.45
2010,93,5.9,69342,36049.99
2010,82,6.8,96997,45039.91
2010,89,6.9,61261,37382.28
2010,69,6.5,118114,48097.58
2010,89,3.4,49949,35806.89
2010,65,3.5,67832,48423.56
2010,69,5.2,53815,47481.29
2010,70,6.2,73359,44454.51
2010,89,5.7,66907,44094.69
2010,72,4.4,94765,46344.65
2010,98,5.8,86233,39954.27
2010,74,4.8,119409,52950.95
2010,93,9.1,115785,35154.74
2010,91,3.7,82538,54569.06
2010,77,7.6,67194,45500.38
2010,83,5.9,63764,42687.23
2010,90,6.8,111491,47517.46
2010,75,6.9,47209,47175.48
2010,82,6.5,116919,46447.23
2010,86,3.4,86293,38300.34
2010,75,3.5,70693,54328.24
2010,76,5.2,118605,49978.79
2010,78,6.2,113695,54032.98
2010,83,5.7,100929,54389.99
2010,86,4.4,116780,53534.77
2010,89,5.8,54234,51986.03
2010,78,4.8,86776,45501.74
2010,75,9.1,112279,42238.64
2010,90,3.7,71162,49693.87
2010,79,7.6,116895,43493.29
2010,95,5.9,97796,38389.96
2010,98,6.8,91915,41967.72
2010,98,6.9,53004,39399.58
2010,74,6.5,63444,48225.9
2010,74,3.4,106840,50201.57
2010,90,3.5,46075,54272.5
2010,75,5.2,115870,54037.9
2010,89,6.2,105148,51865.31
2010,98,5.7,52743,38484.89
2010,94,4.4,103375,51522.04
2010,65,5.8,112233,48145.67
2010,70,4.8,51048,43098.85
2010,73,9.1,70559,40949.71
2010,98,3.7,93326,49323.79
2010,89,7.6,52034,45591.79
2010,91,5.9,117558,39243.93
2010,77,6.8,105501,40218.55
2010,74,6.9,113413,50853.44
2010,72,6.5,67558,50067
2010,83,3.4,60336,51259.18
2010,92,3.5,101021,41593.15
2010,87,5.2,71774,41839.52
2010,68,6.2,84888,46530.33
2010,87,5.7,98395,50740.14
2010,85,4.4,59987,37789.21
2010,80,5.8,73582,52310.04
2010,98,4.8,104224,47903.39
2010,80,9.1,63987,48864.85
2010,95,3.7,103715,45648.81
2010,88,7.6,85897,42582.74
2010,87,5.9,114032,51857.11
2010,82,6.8,94912,37463.8
2010,94,6.9,48980,54021.82
2010,67,6.5,76067,40521.11
2010,95,3.4,49830,36215.84
2010,70,3.5,72342,35286.73
2010,77,5.2,80782,42995.93
2010,67,6.2,55921,49622.81
2010,78,5.7,113489,40393.2
2010,73,4.4,83620,51618.27
2010,95,5.8,83617,43402.28
2010,70,4.8,115907,40168.94
2010,70,9.1,80546,43219.15
2010,89,3.7,49969,36367.53
2010,69,7.6,48445,53823.36
2010,93,5.9,86064,36730.96
2010,92,6.8,50714,40855.39
2010,83,6.9,102627,45821.95
2010,73,6.5,101032,44396.5
2010,68,3.4,61968,36098.15
2010,70,3.5,90969,43574.45
2010,92,5.2,60408,49600.18
2010,78,6.2,103388,48614.66
2010,82,5.7,106072,47825.5
2010,92,4.4,51395,49226.25
2010,79,5.8,77933,42769.23
2010,72,4.8,62243,41769.65
2010,75,9.1,72401,42063.17
2010,90,3.7,113377,53592.49
2010,81,7.6,82615,42452.66
2010,74,5.9,50741,37597.93
2010,92,6.8,107010,42450.15
2010,91,6.9,88212,52786.93
2010,87,6.5,92508,47184.16
2010,69,3.4,67289,44561.39
2010,98,3.5,59701,39512.62
2010,86,5.2,50726,35973.74
2010,73,6.2,61113,42273.32
2010,78,5.7,95163,50292.16
2010,79,4.4,87827,47639.01
2010,88,5.8,70820,50152.72
2010,75,4.8,52782,50311.57
2010,97,9.1,113891,47218.19
2010,71,3.7,114062,45788.48
2010,92,7.6,96100,49422.52
2010,74,5.9,84714,52654.11
2010,99,6.8,78085,53427.13
2010,90,6.9,106482,38862.77
2010,96,4.4,90161,50869
2010,68,5.8,97030,39763.07
2010,73,4.8,56564,49129.94
2010,80,9.1,52861,38068.72
2010,73,3.7,87920,52481.92
2010,84,7.6,50149,41395.87
2010,66,5.9,79765,45054.39
2010,87,6.8,96897,44351.25
2010,81,6.9,110832,38960.3
2010,89,6.5,45477,48750.01
2010,79,3.4,82351,46279.2
2010,91,3.5,79773,46012.35
2010,95,5.2,88617,38625.69
2010,71,6.2,93058,47045.43
2010,95,5.7,90897,50227.5
2010,77,4.4,104253,54985.25
2010,75,5.8,91776,51214.06
2010,96,4.8,55861,35599.69
2010,73,9.1,101171,50106.12
2010,75,3.7,66311,45387.52
2010,92,7.6,90482,46713.45
2010,68,5.9,84787,36856.19
2010,88,6.8,74864,47280.44
2010,69,6.9,75285,44837.04
2010,79,6.5,75801,38747.68
2010,98,3.4,74001,36182.99
2010,69,3.5,119810,52098.48
2010,76,5.2,119407,43152.6
2010,90,6.2,95736,51285.12
2010,87,5.7,52261,53864.17
2010,65,4.4,80310,38095.7
2010,80,5.8,61358,51576.09
2010,71,4.8,45999,49314.77
2010,89,9.1,106313,54975.03
2010,74,3.7,55368,46691.74
2010,66,7.6,65429,48323.18
2010,73,5.9,71137,39157.41
2010,83,6.8,102775,47064.89
2010,79,6.9,117229,40337.96
2010,74,6.5,109839,42110.59
2010,93,3.4,83071,35219.01
2010,81,3.5,73441,52097.21
2010,96,5.2,53324,37604.96
2010,85,6.2,58277,51513.64
2010,97,5.7,57552,45810.67
2010,67,4.4,96962,49984.04
2010,80,5.8,58385,50245.46
2010,80,4.8,55830,44540.81
2010,72,9.1,93410,54679.15
2010,94,3.7,114479,37428.42
2010,69,7.6,119946,39058.87
2010,76,5.9,109192,39649.98
2010,69,6.8,57610,38159.72
2010,82,6.9,55271,36192.96
2010,87,6.5,79924,53545.25
2010,69,3.4,51548,49451.85
2010,71,3.5,48741,41390.51
2010,67,5.2,56781,49511.14
2010,95,6.2,50516,38917.95
2010,97,5.7,48809,44630.52
2010,76,4.4,47325,52449.23
2010,71,5.8,52570,51190.53
2010,83,4.8,101159,53170.28
2010,92,9.1,97482,47785.68
2010,94,3.7,97145,44902.44
2010,66,7.6,53092,54781.54
2010,99,5.9,98312,46974.77
2010,82,6.8,90296,47092.82
2010,92,6.9,89684,43060.33
2010,78,6.5,116940,50588.69
2010,90,3.4,95337,37796.55
2010,87,3.5,60565,47795.41
2010,85,5.2,50572,54079.01
2010,98,6.2,53794,35223.71
2010,69,5.7,113492,39202
2010,66,4.4,89714,45059.63
2010,89,5.8,111821,39190.97
2010,81,4.8,78015,47329.12
2010,77,9.1,53667,38138.09
2010,79,3.7,115678,44470.68
2010,74,7.6,90533,48830.16
2010,94,5.9,56963,35855.98
2010,94,6.8,69349,35665.39
2010,87,6.9,85822,43818.7
2010,86,6.5,91041,40729.79
2010,79,3.4,91211,37941.56
2010,83,3.5,84911,52842.34
2010,94,5.2,107886,53372.04
2010,82,6.2,117981,54799.05
2010,86,5.7,77385,35466.76
2010,88,4.4,92570,50143.9
2010,78,5.8,49522,45869.88
2010,89,4.8,109674,52075.56
2010,76,9.1,107281,35933.54
2010,92,3.7,57243,53957.89
2010,68,7.6,91017,53392.97
2010,76,5.9,76098,42279.47
2010,88,6.8,92675,42789
2010,81,6.9,74511,52732.27
2010,71,6.5,90160,44228.05
2010,88,3.4,92381,35463.45
2010,66,3.5,51275,43688.09
2010,98,5.2,53314,37238.78
2010,93,6.2,74188,44531.9
2010,76,5.7,113097,51361.83
2010,91,4.4,67682,42871.68
2010,73,5.8,51723,37083.75
2010,69,4.8,106431,35965.45
2010,87,9.1,111575,35982.79
2010,76,3.7,111081,47355.73
2010,95,7.6,47207,45062.29
2010,71,5.9,61205,52883.81
2010,85,6.8,59170,52434.28
2010,92,6.9,73812,50430.88
2010,90,6.5,99783,47329.18
2010,84,3.4,77422,46252.54
2010,65,3.5,73132,36422.66
2010,81,5.2,94459,42747.54
2010,72,6.2,73433,44895.11
2010,91,5.7,75197,53998.69
2010,78,4.4,116228,42753.28
2010,72,5.8,103547,41658.22
2010,86,4.8,95590,54961.67
2010,72,9.1,95390,41912.43
2010,82,3.7,91111,38985.47
2009,81,7.6,87866,51037.48
2009,78,5.9,64041,37971.76
2009,87,6.8,51274,41664.92
2009,88,6.9,87659,35766.94
2009,69,6.5,96667,35697.63
2009,85,3.4,82814,51622.32
2009,91,3.5,107190,53240.69
2009,66,5.2,67387,53919.76
2009,94,6.2,117571,45005.01
2009,71,5.7,80327,40792.29
2009,88,4.4,100521,45829.27
2009,79,5.8,46230,50297.43
2009,67,4.8,91309,47801.82
2009,93,9.1,91135,38768.22
2009,85,3.7,56064,46960.72
2009,82,7.6,48828,35182.34
2009,82,5.9,96731,36858.33
2009,73,6.8,54861,50358.39
2009,88,6.9,49969,51736.38
2009,84,6.5,108613,42085.28
2009,93,3.4,114472,47945.52
2009,99,3.5,51144,42927.08
2009,86,5.2,80046,43958.77
2009,83,6.2,65370,38957.6
2009,85,5.7,48186,50504.1
2009,87,4.4,89206,52658.07
2009,70,5.8,91103,37119
2009,65,4.8,104315,51293.7
2009,97,9.1,106634,37769.48
2009,98,3.7,92986,47731.67
2009,71,7.6,107632,43296.07
2009,74,5.9,89899,52682.13
2009,86,6.8,48649,42744.99
2009,91,6.9,93746,47060.96
2009,80,6.5,106297,35301.94
2009,76,3.4,53325,44130.5
2009,79,3.5,47283,42255.34
2009,80,5.2,118248,52467.14
2009,97,6.2,95095,35640.63
2009,90,5.7,57967,43411.5
2009,83,4.4,110342,42166.3
2009,80,5.8,50530,48412.56
2009,73,4.8,70149,53910.82
2009,91,9.1,118289,51149.41
2009,93,3.7,72307,46862.85
2009,68,7.6,66558,37397.74
2009,71,5.9,97632,50024.56
2009,77,6.8,52408,37802.61
2009,66,6.9,116851,46755.1
2009,96,4.4,54873,46264.74
2009,88,5.8,113372,38720.46
2009,79,4.8,78025,45169.17
2009,69,9.1,76407,42987.19
2009,97,3.7,58717,47802.13
2009,78,7.6,102770,41379.8
2009,91,5.9,76735,53932.56
2009,90,6.8,113386,42568.61
2009,99,6.9,78846,54528.53
2009,75,6.5,68008,37773.56
2009,82,3.4,72897,48259.05
2009,84,3.5,54715,48520.76
2009,84,5.2,88581,39946.86
2009,98,6.2,58494,35544.74
2009,84,5.7,68310,43708.55
2009,65,4.4,89587,39438.47
2009,86,5.8,102513,48306.49
2009,67,4.8,69506,48374.03
2009,88,9.1,51941,54401.04
2009,87,3.7,85069,37889.59
2009,71,7.6,65915,53647.07
2009,71,5.9,112837,53827.06
2009,87,6.8,56326,41675.59
2009,88,6.9,57840,43421.99
2009,86,6.5,57140,46295.65
2009,92,3.4,66470,50646.73
2009,65,3.5,52350,45329.92
2009,89,5.2,109463,45054.9
2009,79,6.2,77824,49628.17
2009,76,5.7,90046,50792.96
2009,93,4.4,48367,42176.23
2009,69,5.8,101208,35414.44
2009,88,4.8,53216,48562.92
2009,92,9.1,47653,53034.32
2009,84,3.7,111923,37084.16
2009,74,7.6,88532,41053.46
2009,79,5.9,49042,41466.95
2009,80,6.8,74215,42958.51
2009,97,6.9,118857,36599.61
2009,74,6.5,95422,45924.01
2009,81,3.4,89365,52341.14
2009,75,3.5,73405,44087.1
2009,88,5.2,113731,38325.79
2009,83,6.2,89699,36552.02
2009,66,5.7,118739,52007.97
2009,94,4.4,66652,48023.25
2009,84,5.8,118686,36936.17
2009,89,4.8,104518,48555.31
2009,78,9.1,78996,42366.36
2009,93,3.7,117205,46900.95
2009,72,7.6,119949,48701.23
2009,77,5.9,65907,42196.24
2009,99,6.8,76188,48512.87
2009,66,6.9,73163,39235.83
2009,83,8.2,46675,52985.07
2009,78,6.4,111392,35964.22
2009,69,8.9,114259,50915.84
2009,87,6.7,46596,38912.15
2009,68,9.4,82006,54581.59
2009,72,8.5,104232,35384.44
2009,99,9.2,67720,37617.35
2009,80,6.4,109558,47132.69
2009,94,7.6,112547,39701.69
2009,99,8.4,105536,44167.61
2009,80,6.9,74509,53888.1
2009,68,6.8,74238,42670.55
2009,88,4.9,78574,52130.52
2009,98,8.2,51724,42989.08
2009,95,7.8,80597,45495.83
2009,99,4.8,109742,46769.44
2009,67,7.6,97284,47994.43
2009,65,9.1,114539,47138.43
2009,73,6.8,77059,50238.74
2009,66,6.7,112531,40582.28
2009,67,8.2,97234,43963.49
2009,94,6.4,56503,52376.2
2009,81,8.9,49092,47052.92
2009,72,6.7,91350,48626.05
2009,86,9.4,66181,42973.54
2009,82,8.5,94139,54688.81
2009,86,9.2,86689,43646.25
2009,99,6.4,98501,51582.24
2009,65,7.6,110282,40139.97
2009,96,8.4,79523,35091.69
2009,66,6.9,104797,46000.81
2009,67,6.8,112394,40113.1
2009,75,4.9,72105,50850.74
2009,95,8.2,110263,51217.95
2009,82,7.8,91496,36626.23
2009,87,4.8,49680,44581.92
2009,88,7.6,58850,37205.15
2009,93,9.1,53564,47784.36
2009,72,6.8,111021,44074.61
2009,78,6.7,116857,45358.17
2009,72,6.5,64238,44934.89
2009,83,3.4,53201,54282.08
2009,71,3.5,69293,51236.08
2009,98,5.2,66419,53640.3
2009,89,6.2,82251,39544.61
2009,92,5.7,113385,54969.89
2009,87,4.4,56222,37250.63
2009,92,5.8,60319,49941.6
2009,83,4.8,106422,53964.8
2009,78,9.1,69822,39939.43
2009,70,3.7,63986,38150
2009,87,7.6,105747,47027.17
2009,88,5.9,111210,53511.29
2009,91,6.8,86119,40054.75
2009,75,6.9,98577,47924.29
2009,84,6.5,88292,45690.98
2009,98,3.4,116936,46853.47
2009,94,3.5,63002,51899.42
2009,97,5.2,115995,35530.96
2009,84,6.2,54834,51527.73
2009,99,5.7,95711,46613.54
2009,66,4.4,81866,53720.87
2009,81,5.8,97986,41960.29
2009,67,4.8,98422,43310.81
2009,95,9.1,97928,47405.89
2009,87,3.7,91852,48958.85
2009,77,7.6,106164,35338.5
2009,89,5.9,70785,46054.98
2009,97,6.8,113989,38232.24
2009,70,6.9,86475,50004.76
2009,82,6.5,67705,48721.93
2009,93,3.4,111058,54391.11
2009,91,3.5,55655,52712.13
2009,82,5.2,57251,46329.15
2009,76,6.2,92709,46619.95
2009,77,5.7,59244,45276.6
2009,84,4.4,74524,53947.34
2009,69,5.8,56296,36099.06
2009,94,4.8,95371,54219.23
2009,78,9.1,63833,49006.44
2009,65,3.7,63326,41652.24
2009,74,7.6,47540,45524.16
2009,72,5.9,48294,48206.61
2009,97,6.8,50999,49666.76
2009,65,6.9,50917,50109.56
2009,87,6.5,65444,43848
2009,96,3.4,87247,54613.95
2009,91,3.5,103111,44611.61
2009,83,5.2,118819,40811.39
2009,86,6.2,96673,40818.49
2009,93,5.7,87048,54206.17
2009,98,4.4,88175,50574.2
2009,74,5.8,52770,51843.55
2009,78,4.8,107383,47064.84
2009,73,9.1,105059,51669.71
2009,83,3.7,70282,48217.94
2009,72,7.6,45936,52559.03
2009,79,5.9,75943,41709.61
2009,68,6.8,84161,35822.68
2009,93,6.9,72442,49559.46
2009,71,6.5,103212,42777.88
2009,94,3.4,71389,48405.7
2009,75,3.5,98939,42371.43
2009,81,5.2,116970,53147.7
2009,71,6.2,66607,51956.43
2009,81,5.7,112688,36211.47
2009,83,4.4,78021,39189.22
2009,71,5.8,107050,43095.23
2009,65,4.8,50867,50727.94
2009,65,9.1,95632,47285.74
2009,95,3.7,72354,53131.9
2009,93,7.6,98244,52650.84
2009,91,5.9,111869,43728.37
2009,82,6.8,62824,39456.8
2009,75,6.9,101655,46358.97
2009,89,6.5,98366,41301.85
2009,66,3.4,79834,54489.38
2009,76,3.5,95851,53913.35
2009,84,5.2,78825,49479.15
2009,72,6.2,112381,50863.87
2009,77,5.7,89839,41687.47
2009,85,4.4,96637,42457.61
2009,92,5.8,53185,46006.24
2009,91,4.8,60653,45135.53
2009,74,9.1,93107,37582.12
2009,68,3.7,98060,48713.92
2009,95,7.6,63241,44315.22
2009,89,5.9,89433,40393.97
2009,76,6.8,78507,51649.2
2009,92,6.9,113833,54285.36
2009,83,6.5,85754,46209.54
2009,69,3.4,115404,41209.06
2009,66,3.5,97775,41765.34
2009,87,5.2,72799,48801.43
2009,65,6.2,110870,53875.89
2009,70,5.7,59963,36082.98
2009,72,4.4,47964,49369.38
2009,86,5.8,54050,39170.55
2009,76,4.8,62511,51167
2009,85,9.1,87042,40399.64
2009,87,3.7,107230,37360.3
2009,78,7.6,78870,47258.66
2009,81,5.9,92422,54996.39
2009,91,6.8,105525,35199.48
2009,73,6.9,50413,35175.21
2009,96,6.5,51182,43138.09
2009,97,3.4,54567,43451.29
2009,66,3.5,81444,44610.5
2009,78,5.2,68888,51105.54
2009,65,6.2,119487,47981.47
2009,98,5.7,74577,40080.23
2009,88,4.4,109185,36852.15
2009,69,5.8,97670,49531.81
2009,78,4.8,46336,52336.34
2009,84,9.1,119976,43657.17
2009,90,3.7,103322,48764.01
2009,93,7.6,63118,35293.48
2009,76,5.9,90150,53572.42
2009,93,6.8,110974,39705.12
2009,80,6.9,87716,45086.12
2009,74,4.4,108412,44580.93
2009,75,5.8,101333,41211.64
2009,90,4.8,87593,45349.94
2009,74,9.1,73826,53546.29
2009,96,3.7,94924,40287.44
2009,86,7.6,108038,48607.26
2009,96,5.9,60471,43302.12
2009,68,6.8,69489,53548.42
2009,74,6.9,106421,42417.36
2009,72,6.5,81747,51853
2009,88,3.4,75839,43042.75
2009,77,3.5,55775,46205.73
2009,71,5.2,97183,54901.93
2009,73,6.2,51600,49650.39
2009,99,5.7,118303,43487.36
2009,90,4.4,64614,47365.75
2009,96,5.8,60931,49931.75
2009,91,4.8,66349,53105.58
2009,93,9.1,103609,35354.65
2009,78,3.7,90184,40284.34
2009,85,7.6,70459,50866.19
2009,77,5.9,76661,37421.85
2009,72,6.8,49272,49822.05
2009,72,6.9,69798,46808.25
2009,91,6.5,101780,46828.22
2009,75,3.4,109045,44233.25
2009,96,3.5,74776,46269.57
2009,66,5.2,66463,37281.4
2009,93,6.2,66005,50337.15
2009,74,5.7,98373,50811.57
2009,68,4.4,87952,35853.57
2009,87,5.8,113370,48315.85
2009,65,4.8,93999,43621.89
2009,98,9.1,119595,36065.53
2009,69,3.7,77760,39565.6
2009,74,7.6,112390,49833.13
2009,73,5.9,83242,50199.46
2009,66,6.8,101856,50496.25
2009,95,6.9,56729,38273.22
2009,95,6.5,101437,44305.28
2009,67,3.4,101078,46683.59
2009,88,3.5,80137,47455.4
2009,71,5.2,101006,50598.11
2009,78,6.2,67358,35951.5
2009,69,5.7,103650,41230.56
2009,75,4.4,99903,44980.97
2009,86,5.8,104563,43857.27
2009,92,4.8,60553,41633.71
2009,75,9.1,57480,35806.85
2009,98,3.7,91117,40521.92
2009,85,7.6,45764,45391.83
2009,69,5.9,92088,51821.27
2009,93,6.8,106152,41906.59
2009,94,6.9,89993,50850.65
2009,80,4.4,88118,45063.49
2009,92,5.8,49047,44706.95
2009,86,4.8,104882,53649.09
2009,67,9.1,102033,37525.07
2009,92,3.7,68751,49304.25
2009,88,7.6,107821,38621.64
2009,65,5.9,92074,54041.55
2009,91,6.8,115638,50148.06
2009,68,6.9,72380,53854.5
2009,96,6.5,60407,46583.42
2009,66,3.4,88581,45287.13
2009,67,3.5,64480,39298.32
2009,98,5.2,83914,48539.42
2009,92,6.2,63972,45100.29
2009,69,5.7,89507,35712.37
2009,85,4.4,74709,35577.11
2009,75,5.8,90724,42894.88
2009,73,4.8,114799,36515.63
2009,74,9.1,84030,44036.44
